,Product Name,Price,Ratings,Reviews
0,"REDMI A3X (Olive Green, 64 GB)","₹5,999",4.1,"7,690 Ratings & 352 Reviews"
1,"vivo T4x 5G (Pronto Purple, 128 GB)","₹14,999",4.5,"52,328 Ratings & 3,100 Reviews"
2,"REDMI A5 (Just Black, 64 GB)","₹6,499",4.2,"1,433 Ratings & 77 Reviews"
3,"MOTOROLA g35 5G (Guava Red, 128 GB)","₹9,999",4.2,"55,519 Ratings & 4,288 Reviews"
4,"REDMI A3X (Ocean Green, 64 GB)","₹5,999",4.1,"7,690 Ratings & 352 Reviews"
5,"POCO C71 (Cool Blue, 128 GB)","₹6,999",4.1,"4,873 Ratings & 296 Reviews"
6,"MOTOROLA g05 (Plum Red, 64 GB)","₹7,299",4.2,"35,633 Ratings & 2,690 Reviews"
7,"POCO C75 5G (Silver Stardust, 64 GB)","₹7,699",4.3,"68,883 Ratings & 3,593 Reviews"
8,"Samsung Galaxy F05 (Twilight Blue, 64 GB)","₹6,499",4.2,"54,857 Ratings & 3,224 Reviews"
9,"Motorola g45 5G (Pink Lavender, 128 GB)","₹10,999",4.3,"44,960 Ratings & 2,823 Reviews"
10,"vivo T4x 5G (Marine Blue, 128 GB)","₹13,999",4.4,"69,912 Ratings & 3,861 Reviews"
11,"POCO C71 (Power Black, 64 GB)","₹6,399",3.9,"13,786 Ratings & 773 Reviews"
12,"Motorola g45 5G (Brilliant Green, 128 GB)","₹11,999",4.3,"1,76,567 Ratings & 9,355 Reviews"
13,"POCO C75 5G (Enchanted Green, 64 GB)","₹7,699",4.3,"68,883 Ratings & 3,593 Reviews"
14,"REDMI 13 5G (Orchid Pink, 128 GB)","₹13,999",4.3,"9,382 Ratings & 554 Reviews"
15,"Motorola g45 5G (Pink Lavender, 128 GB)","₹11,999",4.3,"1,76,567 Ratings & 9,355 Reviews"
16,"POCO M7 Pro 5G (Lunar Dust, 128 GB)","₹12,999",4.3,"13,796 Ratings & 1,280 Reviews"
17,"POCO C71 (Desert Gold, 128 GB)","₹6,999",4.1,"4,873 Ratings & 296 Reviews"
18,"vivo T4x 5G (Pronto Purple, 128 GB)","₹13,999",4.4,"69,912 Ratings & 3,861 Reviews"
19,"POCO M6 Plus 5G (Ice Silver, 128 GB)","₹9,999",4.2,"51,965 Ratings & 3,198 Reviews"
20,"REDMI A3X (Midnight Black, 64 GB)","₹5,999",4.1,"7,690 Ratings & 352 Reviews"
21,"REDMI 13 5G (Orchid Pink, 128 GB)","₹12,499",4.3,"38,710 Ratings & 2,029 Reviews"
22,"MOTOROLA g05 (Forest Green, 64 GB)","₹7,299",4.2,"35,633 Ratings & 2,690 Reviews"
23,"Motorola Edge 50 Fusion (Forest Blue, 256 GB)","₹20,999",4.4,"1,50,662 Ratings & 10,513 Reviews"
24,"Motorola Edge 50 Fusion (Forest Blue, 256 GB)","₹20,999",4.4,"1,50,662 Ratings & 10,513 Reviews"
25,"Motorola g45 5G (Brilliant Blue, 128 GB)","₹11,999",4.3,"1,76,567 Ratings & 9,355 Reviews"
26,"vivo T4x 5G (Pronto Purple, 256 GB)","₹16,999",4.5,"52,328 Ratings & 3,100 Reviews"
27,Samsung Guru Music 2 B310ED,₹988,3.2,"12,274 Ratings & 971 Reviews"
28,"Infinix SMART 9 HD (Neo Titanium, 64 GB)","₹6,699",4.2,"2,661 Ratings & 195 Reviews"
29,"POCO C71 (Power Black, 128 GB)","₹6,999",4.1,"4,873 Ratings & 296 Reviews"
30,"realme C61 (Marble Black, 64 GB)","₹7,699",4.3,"8,475 Ratings & 298 Reviews"
31,"POCO C75 5G (Enchanted Green, 128 GB)","₹8,499",4.3,"68,883 Ratings & 3,593 Reviews"
32,"Samsung Galaxy F06 5G (Lit Violet, 128 GB)","₹8,499",4.1,"13,426 Ratings & 989 Reviews"
33,"realme P2 Pro 5G (Parrot Green, 128 GB)","₹15,499",4.4,"15,865 Ratings & 1,160 Reviews"
34,"Infinix SMART 9 HD (Mint Green, 64 GB)","₹6,699",4.2,"2,661 Ratings & 195 Reviews"
35,"MOTOROLA g35 5G (Midnight Black, 128 GB)","₹9,999",4.2,"55,519 Ratings & 4,288 Reviews"
36,"Motorola g45 5G (Viva Magenta, 128 GB)","₹11,999",4.3,"1,76,567 Ratings & 9,355 Reviews"
37,"realme C61 (Marble Black, 128 GB)","₹8,199",4.3,"17,371 Ratings & 646 Reviews"
38,"Samsung Galaxy F06 5G (Bahama Blue, 128 GB)","₹9,799",4.1,"5,919 Ratings & 458 Reviews"
39,"POCO C75 5G (Aqua Bliss, 64 GB)","₹7,699",4.3,"68,883 Ratings & 3,593 Reviews"
40,"IQOO Z10X 5G (Ultramarine, 128 GB)","₹13,600",4.4,975 Ratings & 68 Reviews
41,"Samsung Galaxy F06 5G (Bahama Blue, 64 GB)","₹8,999",4.1,"13,426 Ratings & 989 Reviews"
42,"realme C61 (Safari Green, 128 GB)","₹8,199",4.3,"17,371 Ratings & 646 Reviews"
43,"realme Narzo N61 (Vyage Blue, 64 GB)","₹7,608",4.3,"5,210 Ratings & 250 Reviews"
44,"realme P3 5G (Space Silver, 256 GB)","₹18,499",4.4,"9,846 Ratings & 762 Reviews"
45,"Nokia 105 Single SIM, Keypad Mobile Phone with Wireless FM Radio","₹1,199",3.9,"1,57,035 Ratings & 9,914 Reviews"
46,"REDMI A5 (Pondicherry Blue, 64 GB)","₹6,499",4.2,"1,433 Ratings & 77 Reviews"
47,"Motorola Edge 50 Fusion (Marshmallow Blue, 128 GB)","₹18,999",4.5,"1,22,920 Ratings & 8,092 Reviews"
48,"vivo Y19e (Titanium Silver, 64 GB)","₹7,999",4.3,"1,061 Ratings & 40 Reviews"
49,"Samsung Galaxy F06 5G (Bahama Blue, 128 GB)","₹8,499",4.1,"13,426 Ratings & 989 Reviews"
50,"MOTOROLA g35 5G (Leaf Green, 128 GB)","₹9,999",4.2,"55,519 Ratings & 4,288 Reviews"
51,Nokia 105 Classic with Charger,₹999,3.7,"5,435 Ratings & 350 Reviews"
52,"Infinix Note 50s 5G+ (Titanium Grey, 128 GB)","₹14,999",4.3,45 Ratings & 3 Reviews
53,"IQOO Z10X 5G (Titanium, 128 GB)","₹13,600",4.4,975 Ratings & 68 Reviews
54,"REDMI 14C 5G (Stardust Purple, 64 GB)","₹9,499",4.2,"3,321 Ratings & 205 Reviews"
55,"Motorola Edge 50 Fusion (Forest Blue, 128 GB)","₹18,999",4.5,"1,22,920 Ratings & 8,092 Reviews"
56,"Nokia 105 Single SIM, Keypad Mobile Phone with Wireless FM Radio","₹1,295",3.9,"1,57,035 Ratings & 9,914 Reviews"
57,"POCO M7 5G (Ocean Blue, 128 GB)","₹9,499",4.1,"20,506 Ratings & 1,168 Reviews"
58,"REDMI A5 (Pondicherry Blue, 128 GB)","₹7,499",4.2,"1,112 Ratings & 64 Reviews"
59,itel it5330 | 2.8 inch Big Display | 1900 mAh Battery | Kingvoice,"₹1,349",4.1,"16,621 Ratings & 1,025 Reviews"
60,"realme P2 Pro 5G (Parrot Green, 256 GB)","₹17,749",4.4,"16,928 Ratings & 1,373 Reviews"
61,"Motorola G85 5G (Olive Green, 128 GB)","₹16,999",4.4,"2,02,277 Ratings & 10,531 Reviews"
62,"REDMI 13 5G (Hawaiian Blue, 128 GB)","₹12,058",4.3,"38,710 Ratings & 2,029 Reviews"
63,"Samsung Galaxy F16 5G (Bling Black, 128 GB)","₹11,999",4.2,"1,875 Ratings & 127 Reviews"
64,"vivo T4x 5G (Marine Blue, 128 GB)","₹14,999",4.5,"52,328 Ratings & 3,100 Reviews"
65,"POCO M7 Pro 5G (Lavender Frost, 256 GB)","₹14,999",4.3,"5,901 Ratings & 626 Reviews"
66,"POCO M6 Plus 5G (Misty Lavender, 128 GB)","₹11,499",4.2,"10,373 Ratings & 678 Reviews"
67,Samsung Guru Music 2 B310ED,"₹1,350",3.2,"12,274 Ratings & 971 Reviews"
68,"REDMI 13 5G (Black Diamond, 128 GB)","₹13,999",4.3,"9,382 Ratings & 554 Reviews"
69,"Infinix Note 50x 5G+ (Titanium Grey, 128 GB)","₹12,999",4.3,"2,246 Ratings & 230 Reviews"
70,"Infinix Note 50x 5G+ (Sea Breeze Green, 128 GB)","₹11,499",4.3,"8,414 Ratings & 901 Reviews"
71,"realme GT 6 (Fluid Silver, 256 GB)","₹27,999",4.5,"2,371 Ratings & 230 Reviews"
72,"Motorola Edge 50 Fusion (Marshmallow Blue, 256 GB)","₹20,999",4.4,"1,50,662 Ratings & 10,513 Reviews"
73,itel it5330 | 2.8 inch Big Display | 1900 mAh Battery | Kingvoice,"₹1,349",4.1,"16,621 Ratings & 1,025 Reviews"
74,itel it2165s,₹879,4.1,"2,243 Ratings & 114 Reviews"
75,Samsung B310ED,₹970,4.1,24 Ratings & 3 Reviews
76,"Infinix Note 50s 5G+ (Burgundy Red, 128 GB)","₹15,999",4.4,"11,541 Ratings & 1,202 Reviews"
77,"realme P2 Pro 5G (Parrot Green, 512 GB)","₹23,999",4.4,"16,928 Ratings & 1,373 Reviews"
78,"POCO M7 5G (Mint Green, 128 GB)","₹9,499",4.1,"20,506 Ratings & 1,168 Reviews"
79,"POCO M7 5G (Mint Green, 128 GB)","₹10,499",4.2,"3,801 Ratings & 243 Reviews"
80,"realme P3 Pro 5G (Saturn Brown, 128 GB)","₹19,999",4.4,"4,765 Ratings & 453 Reviews"
81,itel it5330 | 2.8 inch Big Display | 1900 mAh Battery | Kingvoice,"₹1,349",4.1,"16,621 Ratings & 1,025 Reviews"
82,"Motorola g64 5G (Berry Red, 256 GB)","₹15,999",4.2,"82,879 Ratings & 5,344 Reviews"
83,"Motorola Edge 50 Fusion (Hot Pink, 128 GB)","₹18,999",4.5,"1,22,920 Ratings & 8,092 Reviews"
84,"Samsung Galaxy F16 5G (Glam Green, 128 GB)","₹11,999",4.2,"2,877 Ratings & 212 Reviews"
85,"OnePlus Nord CE4 lite 5G (SUPER SILVER, 128 GB)","₹16,785",4.4,"22,440 Ratings & 1,102 Reviews"
86,"Infinix Note 50s 5G+ (Burgundy Red, 128 GB)","₹14,999",4.3,45 Ratings & 3 Reviews
87,"Motorola g45 5G (Brilliant Green, 128 GB)","₹10,999",4.3,"44,960 Ratings & 2,823 Reviews"
88,"Motorola g45 5G (Viva Magenta, 128 GB)","₹10,999",4.3,"44,960 Ratings & 2,823 Reviews"
89,MOTOROLA A10V DS Keypad Phone with Voice Feature|800 mAh Battery|Wireless FM Recording,"₹1,499",4.1,"7,373 Ratings & 477 Reviews"
90,"OPPO Reno 12 5G (Matte Brown, 256 GB)","₹20,999",4.4,"4,804 Ratings & 325 Reviews"
91,"POCO M7 Pro 5G (Olive Twilight, 128 GB)","₹12,999",4.3,"13,796 Ratings & 1,280 Reviews"
92,"vivo Y19e (Majestic Green, 64 GB)","₹7,999",4.3,"1,061 Ratings & 40 Reviews"
93,"POCO M7 Pro 5G (Lavender Frost, 128 GB)","₹12,999",4.3,"13,796 Ratings & 1,280 Reviews"
94,"REDMI 13 5G (Orchid Pink, 128 GB)","₹11,975",4.3,"38,710 Ratings & 2,029 Reviews"
95,"OPPO K12x 5G with 45W SUPERVOOC Charger In-The-Box (Feather Pink, 128 GB)","₹12,999",4.5,"1,78,178 Ratings & 6,359 Reviews"
96,"vivo Y19e (Majestic Green, 64 GB)","₹7,999",4.3,"1,061 Ratings & 40 Reviews"
97,"POCO M7 Pro 5G (Lavender Frost, 128 GB)","₹12,999",4.3,"13,796 Ratings & 1,280 Reviews"
98,"REDMI 13 5G (Orchid Pink, 128 GB)","₹11,975",4.3,"38,710 Ratings & 2,029 Reviews"
99,"OPPO K12x 5G with 45W SUPERVOOC Charger In-The-Box (Feather Pink, 128 GB)","₹12,999",4.5,"1,78,178 Ratings & 6,359 Reviews"
100,Nokia 105 Classic with Charger,"₹1,295",3.7,"5,435 Ratings & 350 Reviews"
101,HOTLINE ROYAL,₹499,3.6,645 Ratings & 31 Reviews
102,"Samsung Galaxy F16 5G (Bling Black, 128 GB)","₹11,999",4.2,"2,877 Ratings & 212 Reviews"
103,Nokia 105 Classic with Charger,₹989,3.7,"5,435 Ratings & 350 Reviews"
104,"Motorola G85 5G (Olive Green, 256 GB)","₹18,999",4.4,"76,501 Ratings & 4,322 Reviews"
105,Kechaoda A26_black,₹939,4,"2,614 Ratings & 80 Reviews"
106,Kechaoda K115,₹999,4.1,"40,503 Ratings & 2,623 Reviews"
107,"REDMI A3X (Ocean Green, 64 GB)","₹6,499",4.1,"4,917 Ratings & 227 Reviews"
108,"IQOO Z9s 5G (Titanium Matte, 128 GB)","₹18,518",4.4,"7,190 Ratings & 466 Reviews"
109,"realme Narzo N61 (Marble Black, 64 GB)","₹7,327",4.3,"5,210 Ratings & 250 Reviews"
110,hmd 105 Dual Sim,"₹1,140",4.1,"1,684 Ratings & 147 Reviews"
111,"Samsung Galaxy F16 5G (Vibing Blue, 128 GB)","₹11,999",4.2,"1,875 Ratings & 127 Reviews"
112,Samsung SM-B310EZDDINS,"₹1,150",3.2,"6,276 Ratings & 440 Reviews"
113,"realme 14x 5G (Crystal Black, 128 GB)","₹14,999",4.3,"9,114 Ratings & 470 Reviews"
114,"OPPO K13 5G with 7000mAh and 80W SUPERVOOC Charger In-The-Box (Prism Black, 128 GB)","₹17,999",4.5,"14,713 Ratings & 1,068 Reviews"
115,Kechaoda A26_Pink,₹916,4,"1,219 Ratings & 34 Reviews"
116,"Infinix Note 50s 5G+ (Marine Drift, 128 GB)","₹15,999",4.4,"11,541 Ratings & 1,202 Reviews"
117,"realme P3 5G (Space Silver, 128 GB)","₹15,999",4.4,"13,997 Ratings & 1,109 Reviews"
118,"Infinix Note 50x 5G+ (Enchanted Purple, 128 GB)","₹11,499",4.3,"8,414 Ratings & 901 Reviews"
119,itel Keypad Mobile | 2.4 inch Display| Type C Charging,"₹1,069",4.1,265 Ratings & 16 Reviews
120,"CMF by Nothing Phone 2 Pro (Black, 256 GB)","₹20,999",4.4,"10,226 Ratings & 965 Reviews"
121,"Samsung Galaxy F16 5G (Bling Black, 128 GB)","₹13,499",4.2,"1,275 Ratings & 107 Reviews"
122,LAVA A1 Josh BOL Keypad Mobile|1000 mAh Battery|Expandable Storage 32GB,₹995,4,"18,664 Ratings & 832 Reviews"
123,"IQOO Neo 10R 5G (MoonKnight Titanium, 256 GB)","₹27,929",4.5,491 Ratings & 42 Reviews
124,itel it2165s,₹879,4.1,"2,243 Ratings & 114 Reviews"
125,"Motorola g64 5G (Berry Red, 128 GB)","₹13,999",4.3,"58,296 Ratings & 3,673 Reviews"
126,"vivo T4 5G (Emerald Blaze, 256 GB)","₹23,999",4.5,"27,628 Ratings & 1,468 Reviews"
127,"POCO M7 Pro 5G (Olive Twilight, 256 GB)","₹14,999",4.3,"5,901 Ratings & 626 Reviews"
128,"Infinix SMART 9 HD (Metallic Black, 64 GB)","₹6,699",4.2,"2,661 Ratings & 195 Reviews"
129,"Motorola g45 5G (Brilliant Blue, 128 GB)","₹10,999",4.3,"44,960 Ratings & 2,823 Reviews"
130,"Infinix Note 50x 5G+ (Enchanted Purple, 128 GB)","₹12,999",4.3,"2,246 Ratings & 230 Reviews"
131,"Motorola G85 5G (Urban Grey, 128 GB)","₹16,999",4.4,"2,02,277 Ratings & 10,531 Reviews"
132,hmd 105 Dual Sim,"₹1,143",4.1,"1,684 Ratings & 147 Reviews"
133,Kechaoda K115,₹995,4.1,"40,503 Ratings & 2,623 Reviews"
134,"CMF by Nothing Phone 2 Pro (White, 128 GB)","₹18,999",4.4,"10,226 Ratings & 965 Reviews"
135,"POCO X7 Pro 5G (Yellow, 256 GB)","₹22,999",4.3,"7,072 Ratings & 1,059 Reviews"
136,"Samsung M05 (Mint Green, 64 GB)","₹6,877",4.2,"2,410 Ratings & 109 Reviews"
137,"Motorola Edge 50 Fusion (Hot Pink, 256 GB)","₹20,999",4.4,"1,50,662 Ratings & 10,513 Reviews"
138,"Motorola G85 5G (Cobalt Blue, 128 GB)","₹16,999",4.4,"2,02,277 Ratings & 10,531 Reviews"
139,itel it2165s,₹879,4.1,"2,243 Ratings & 114 Reviews"
140,LAVA A1 Josh BOL Keypad Mobile|1000 mAh Battery|Expandable Storage 32GB,₹995,4,"18,664 Ratings & 832 Reviews"
141,"MOTOROLA Edge 60 Fusion 5G (PANTONE Mykonos Blue, 256 GB)","₹22,999",4.5,"29,456 Ratings & 1,759 Reviews"
142,"realme C63 5G Charger in the Box (Starry Gold, 128 GB)","₹10,999",4.5,"21,759 Ratings & 656 Reviews"
143,"Motorola G85 5G (Viva Magenta, 128 GB)","₹16,999",4.4,"2,02,277 Ratings & 10,531 Reviews"
144,"POCO C71 (Power Black, 64 GB)","₹6,399",3.9,"13,786 Ratings & 773 Reviews"
145,"Samsung Galaxy S24 Ultra 5G (Titanium Black, 256 GB)","₹83,832",4.6,"3,121 Ratings & 312 Reviews"
146,"realme C63 5G Charger in the Box (Forest Green, 128 GB)","₹10,999",4.4,"6,523 Ratings & 262 Reviews"
147,"OnePlus Nord CE4 lite 5G (SUPER SILVER, 128 GB)","₹16,785",4.4,"22,440 Ratings & 1,102 Reviews"
148,"POCO M6 Plus 5G (Ice Silver, 128 GB)","₹9,999",4.2,"51,965 Ratings & 3,198 Reviews"
149,"Infinix Note 50s 5G+ (Burgundy Red, 256 GB)","₹17,999",4.4,"11,541 Ratings & 1,202 Reviews"
150,"POCO M7 Pro 5G (Olive Twilight, 128 GB)","₹12,999",4.3,"13,796 Ratings & 1,280 Reviews"
151,"REDMI A3X (Ocean Green, 64 GB)","₹5,999",4.1,"7,690 Ratings & 352 Reviews"
152,"REDMI 13 5G (Orchid Pink, 128 GB)","₹13,687",4.3,"9,382 Ratings & 554 Reviews"
153,"POCO X7 5G (Yellow, 128 GB)","₹15,999",4.3,"9,020 Ratings & 888 Reviews"
154,"Infinix Note 50s 5G+ (Burgundy Red, 128 GB)","₹15,999",4.4,"11,541 Ratings & 1,202 Reviews"
155,itel it2165s,₹879,4.1,"2,243 Ratings & 114 Reviews"
156,Kechaoda K115,₹998,4.1,"40,503 Ratings & 2,623 Reviews"
157,"Tecno Pova 6 Neo 5G (Midnight Shadow, 128 GB)","₹11,999",4.3,"1,942 Ratings & 119 Reviews"
158,itel it2165s,₹879,4.1,"2,243 Ratings & 114 Reviews"
159,itel it2165s,₹879,4.1,"2,243 Ratings & 114 Reviews"
160,"Infinix Note 50s 5G+ (Titanium Grey, 128 GB)","₹14,999",4.3,45 Ratings & 3 Reviews
161,"POCO M7 5G (Mint Green, 128 GB)","₹10,499",4.2,"3,801 Ratings & 243 Reviews"
162,"realme C63 5G Charger in the Box (Forest Green, 128 GB)","₹10,999",4.5,"21,759 Ratings & 656 Reviews"
163,Nokia 105 Classic with Charger,₹989,3.7,"5,435 Ratings & 350 Reviews"
164,"Samsung Galaxy S24 5G (Onyx Black, 256 GB)","₹55,999",4.6,"5,292 Ratings & 335 Reviews"
165,"IQOO Z10X 5G (Titanium, 128 GB)","₹13,600",4.4,975 Ratings & 68 Reviews
166,"realme C63 5G Charger in the Box (Starry Gold, 128 GB)","₹10,999",4.4,"6,523 Ratings & 262 Reviews"
167,"IQOO Z10X 5G (Titanium, 256 GB)","₹16,649",4.4,485 Ratings & 26 Reviews
168,"Infinix Note 50x 5G+ (Sea Breeze Green, 128 GB)","₹12,999",4.3,"2,246 Ratings & 230 Reviews"
169,"OPPO F27 Pro+ (Dusk Pink, 128 GB)","₹18,999",4.4,"5,143 Ratings & 241 Reviews"
170,"OPPO F27 Pro+ (Midnight Navy, 256 GB)","₹20,999",4.4,"5,143 Ratings & 241 Reviews"
171,"Apple iPhone 16 (Teal, 128 GB)","₹74,900",4.6,"18,966 Ratings & 787 Reviews"
172,"IQOO Z10X 5G (Ultramarine, 128 GB)","₹15,139",4.4,485 Ratings & 26 Reviews
173,"Infinix SMART 9 HD (Neo Titanium, 64 GB)","₹6,699",4.2,"2,661 Ratings & 195 Reviews"
174,Kechaoda A26,₹919,4,"27,755 Ratings & 1,570 Reviews"
175,"vivo T3 5G (Crystal Flake, 256 GB)","₹18,499",4.4,"1,28,249 Ratings & 7,962 Reviews"
176,"vivo T3 5G (Crystal Flake, 128 GB)","₹16,999",4.4,"1,28,249 Ratings & 7,962 Reviews"
177,"vivo T3 5G (Cosmic Blue, 128 GB)","₹16,999",4.4,"1,28,249 Ratings & 7,962 Reviews"
178,"Samsung Galaxy F16 5G (Vibing Blue, 128 GB)","₹11,999",4.2,"2,877 Ratings & 212 Reviews"
179,"OnePlus 13R 5G (Nebula Noir, 256 GB)","₹40,580",4.5,"1,880 Ratings & 149 Reviews"
180,"OnePlus 13R 5G (Nebula Noir, 512 GB)","₹42,685",4.5,712 Ratings & 52 Reviews
181,"OnePlus 13R 5G (Astral Trail, 512 GB)","₹42,729",4.5,712 Ratings & 52 Reviews
182,MOTOROLA A10V DS Keypad Phone with Voice Feature|800 mAh Battery|Wireless FM Recording,"₹1,499",4.1,"7,373 Ratings & 477 Reviews"
183,"OPPO Reno 12 5G (Matte Brown, 256 GB)","₹20,999",4.4,"4,804 Ratings & 325 Reviews"
184,"Motorola g45 5G (Brilliant Blue, 128 GB)","₹10,999",4.3,"44,960 Ratings & 2,823 Reviews"
185,"realme Narzo 80x 5G (Deep Ocean, 128 GB)","₹13,329",4.3,250 Ratings & 5 Reviews
186,Kechaoda A26,₹945,4,"27,755 Ratings & 1,570 Reviews"
187,"POCO X7 5G (Yellow, 256 GB)","₹17,999",4.3,"9,020 Ratings & 888 Reviews"
188,"realme Narzo N61 (Vyage Blue, 64 GB)","₹7,608",4.3,"5,210 Ratings & 250 Reviews"
189,"realme Narzo N61 (Voyage Blue, 128 GB)","₹9,179",4.2,"1,628 Ratings & 65 Reviews"
190,"REDMI A4 5G only on Jio SIM (Sparkle Purple, 64 GB)","₹8,662",4.3,"5,934 Ratings & 300 Reviews"
191,"Infinix Note 50x 5G+ (Enchanted Purple, 128 GB)","₹11,499",4.3,"8,414 Ratings & 901 Reviews"
192,itel it5330 | 2.8 inch Big Display | 1900 mAh Battery | Kingvoice,"₹1,349",4.1,"16,621 Ratings & 1,025 Reviews"
193,"MOTOROLA Edge 60 Fusion 5G (PANTONE Amazonite, 256 GB)","₹24,999",4.5,"15,430 Ratings & 879 Reviews"
194,"REDMI A3X (Ocean Green, 64 GB)","₹6,499",4.1,"4,917 Ratings & 227 Reviews"
195,"REDMI A4 5G only on Jio SIM (Starry Black, 128 GB)","₹9,462",4.3,"5,934 Ratings & 300 Reviews"
196,itel Keypad Mobile | 2.4 inch Display| Type C Charging,"₹1,069",4.1,265 Ratings & 16 Reviews
197,"Apple iPhone 16 (White, 128 GB)","₹74,900",4.6,"18,966 Ratings & 787 Reviews"
198,"Infinix Note 50s 5G+ (Marine Drift, 256 GB)","₹17,999",4.4,"11,541 Ratings & 1,202 Reviews"
199,"Infinix Note 50s 5G+ (Titanium Grey, 256 GB)","₹17,999",4.4,"11,541 Ratings & 1,202 Reviews"
200,"Tecno Pova 6 Neo 5G (Midnight Shadow, 256 GB)","₹13,999",4,274 Ratings & 19 Reviews
201,"Tecno Pova 6 Neo 5G (Azure Sky, 256 GB)","₹13,999",4,274 Ratings & 19 Reviews
202,"Tecno Pova 6 Neo 5G (Azure Sky, 128 GB)","₹11,999",4.3,"1,942 Ratings & 119 Reviews"
203,"Tecno Pova 6 Neo 5G (Aurora Cloud, 128 GB)","₹11,999",4.3,"1,942 Ratings & 119 Reviews"
204,"Tecno Pova 6 Neo 5G (Aurora Cloud, 256 GB)","₹13,999",4,274 Ratings & 19 Reviews
205,Samsung SM-B310EZDDINS,"₹1,150",3.2,"6,276 Ratings & 440 Reviews"
206,"OnePlus Nord CE4 lite 5G (MEGA BLUE, 128 GB)","₹16,819",4.4,"22,440 Ratings & 1,102 Reviews"
207,"Infinix Note 50s 5G+ (Titanium Grey, 128 GB)","₹15,999",4.4,"11,541 Ratings & 1,202 Reviews"
208,"Infinix Note 50s 5G+ (Marine Drift, 128 GB)","₹15,999",4.4,"11,541 Ratings & 1,202 Reviews"
209,"POCO C71 (Cool Blue, 128 GB)","₹6,999",4.1,"4,873 Ratings & 296 Reviews"
210,"realme C63 5G Charger in the Box (Forest Green, 128 GB)","₹10,999",4.5,"3,757 Ratings & 122 Reviews"
211,"IQOO Z10X 5G (Titanium, 128 GB)","₹15,424",4.4,485 Ratings & 26 Reviews
212,"Apple iPhone 16 Plus (Black, 256 GB)","₹94,900",4.6,"2,700 Ratings & 161 Reviews"
213,"Samsung Galaxy S24 Ultra 5G (Titanium Gray, 256 GB)","₹84,799",4.6,"3,121 Ratings & 312 Reviews"
214,"Apple iPhone 16 (Pink, 128 GB)","₹74,900",4.6,"18,966 Ratings & 787 Reviews"
215,"vivo T3 5G (Cosmic Blue, 256 GB)","₹18,499",4.4,"1,28,249 Ratings & 7,962 Reviews"
216,"vivo T3 5G (Cosmic Blue, 256 GB)","₹18,499",4.4,"1,28,249 Ratings & 7,962 Reviews"
217,"POCO M6 Plus 5G (Graphite Black, 128 GB)","₹9,999",4.2,"51,965 Ratings & 3,198 Reviews"
218,itel it2175 Pro | 2 inch Big Display | 1200 mAh Battery | Kingvoice,₹818,4.1,"1,752 Ratings & 82 Reviews"
219,itel it2175 Pro | 2 inch Big Display | 1200 mAh Battery | Kingvoice,₹909,4.1,"1,752 Ratings & 82 Reviews"
220,"OnePlus 13R 5g (Astral Trail, 256 GB)","₹40,997",4.5,"1,880 Ratings & 149 Reviews"
221,"Apple iPhone 16 (Teal, 256 GB)","₹84,900",4.6,"18,966 Ratings & 787 Reviews"
222,"Apple iPhone 15 (Pink, 128 GB)","₹64,900",4.6,"2,60,015 Ratings & 9,350 Reviews"
223,"IQOO Z10X 5G (Ultramarine, 128 GB)","₹13,600",4.4,975 Ratings & 68 Reviews
224,HOTLINE Amaze H310,₹499,3.6,105 Ratings & 16 Reviews
225,"IQOO Z9s 5G (Titanium Matte, 128 GB)","₹18,500",4.4,"7,190 Ratings & 466 Reviews"
226,"Samsung Galaxy M35 5G (Moonlight Blue, 128 GB)","₹14,698",4.4,"22,480 Ratings & 1,860 Reviews"
227,"OPPO F27 Pro+ (Midnight Navy, 256 GB)","₹20,999",4.4,"5,143 Ratings & 241 Reviews"
228,"Infinix Note 50x 5G+ (Sea Breeze Green, 128 GB)","₹12,999",4.3,"2,246 Ratings & 230 Reviews"
229,"OPPO F27 Pro+ (Dusk Pink, 128 GB)","₹18,999",4.4,"5,143 Ratings & 241 Reviews"
230,Kechaoda A26,₹919,4,"27,755 Ratings & 1,570 Reviews"
231,"vivo T3 5G (Crystal Flake, 256 GB)","₹18,499",4.4,"1,28,249 Ratings & 7,962 Reviews"
232,"vivo T3 5G (Cosmic Blue, 128 GB)","₹16,999",4.4,"1,28,249 Ratings & 7,962 Reviews"
233,"vivo T3 5G (Crystal Flake, 128 GB)","₹16,999",4.4,"1,28,249 Ratings & 7,962 Reviews"
234,"Apple iPhone 16 (Teal, 128 GB)","₹74,900",4.6,"18,966 Ratings & 787 Reviews"
235,"Infinix SMART 9 HD (Neo Titanium, 64 GB)","₹6,699",4.2,"2,661 Ratings & 195 Reviews"
236,"Samsung Galaxy F16 5G (Vibing Blue, 128 GB)","₹11,999",4.2,"2,877 Ratings & 212 Reviews"
237,"OnePlus 13R 5G (Nebula Noir, 256 GB)","₹40,580",4.5,"1,880 Ratings & 149 Reviews"
238,"OnePlus 13R 5G (Nebula Noir, 512 GB)","₹42,685",4.5,712 Ratings & 52 Reviews
239,"OnePlus 13R 5G (Astral Trail, 512 GB)","₹42,729",4.5,712 Ratings & 52 Reviews
240,"realme Narzo 80x 5G (Deep Ocean, 128 GB)","₹13,329",4.3,250 Ratings & 5 Reviews
241,"Samsung Galaxy S24 Ultra 5G (Titanium Black, 256 GB)","₹83,197",4.6,"3,121 Ratings & 312 Reviews"
242,Kechaoda A26,₹945,4,"27,755 Ratings & 1,570 Reviews"
243,"POCO X7 5G (Yellow, 256 GB)","₹17,999",4.3,"9,020 Ratings & 888 Reviews"
244,Samsung SM 1207,₹985,3.2,"4,428 Ratings & 264 Reviews"
245,"realme Narzo N61 (Vyage Blue, 64 GB)","₹7,608",4.3,"5,210 Ratings & 250 Reviews"
246,"REDMI A4 5G only on Jio SIM (Sparkle Purple, 64 GB)","₹8,662",4.3,"5,934 Ratings & 300 Reviews"
247,"Samsung Galaxy M35 5G (Thunder Grey, 256 GB)","₹18,452",4.3,"2,684 Ratings & 190 Reviews"
248,"KARBONN K101i Dual SIM,Keypad Mobile,1.8''LCD,1000mAh Battery,TypeC USB,Memory Up to32GB",₹896,4,145 Ratings & 8 Reviews
249,"IQOO Z10 5G (Stellar Black / Black, 256 GB)","₹23,563",4.5,"1,106 Ratings & 76 Reviews"
250,"Infinix SMART 9 HD (Mint Green, 64 GB)","₹6,699",4.2,"2,661 Ratings & 195 Reviews"
251,Jio Jiobharat JBV191M2 V4 4G Feature Phone,₹799,3.8,157 Ratings & 11 Reviews
252,"Samsung Galaxy F06 5G (Bahama Blue, 64 GB)","₹8,999",4.1,"13,426 Ratings & 989 Reviews"
253,"Infinix Note 50x 5G+ (Sea Breeze Green, 128 GB)","₹11,499",4.3,"8,414 Ratings & 901 Reviews"
254,"Infinix Note 50x 5G+ (Enchanted Purple, 128 GB)","₹11,499",4.3,"8,414 Ratings & 901 Reviews"
255,"Infinix Note 50x 5G+ (Titanium Grey, 128 GB)","₹11,499",4.3,"8,414 Ratings & 901 Reviews"
256,"Infinix Note 50x 5G+ (Enchanted Purple, 128 GB)","₹12,999",4.3,"2,246 Ratings & 230 Reviews"
257,"vivo Y19e (Titanium Silver, 64 GB)","₹7,999",4.3,"1,061 Ratings & 40 Reviews"
258,"IQOO Z10 5G (Glacier Silver / Silver, 256 GB)","₹23,642",4.5,"1,106 Ratings & 76 Reviews"
259,Samsung Guru Music 2 B310ED,"₹1,350",3.2,"12,274 Ratings & 971 Reviews"
260,"OnePlus Nord CE4 (Dark Chrome, 256 GB)","₹23,196",4.4,"22,977 Ratings & 1,301 Reviews"
261,GFive SHARK,₹849,3.6,485 Ratings & 60 Reviews
262,"Apple iPhone 15 (Blue, 128 GB)","₹64,900",4.6,"2,60,015 Ratings & 9,350 Reviews"
263,"OPPO F27 Pro+ (Dusk Pink, 256 GB)","₹20,999",4.4,"5,143 Ratings & 241 Reviews"
264,"vivo Y19e (Titanium Silver, 64 GB)","₹7,999",4.3,"1,061 Ratings & 40 Reviews"
265,Samsung Guru Music 2 B310ED,"₹1,350",3.2,"12,274 Ratings & 971 Reviews"
266,GFive SHARK,₹849,3.6,485 Ratings & 60 Reviews
267,"Apple iPhone 15 (Blue, 128 GB)","₹64,900",4.6,"2,60,015 Ratings & 9,350 Reviews"
268,"REDMI 13 5G (Orchid Pink, 128 GB)","₹12,499",4.3,"38,710 Ratings & 2,029 Reviews"
269,"OPPO F27 Pro+ (Dusk Pink, 256 GB)","₹20,999",4.4,"5,143 Ratings & 241 Reviews"
270,"OnePlus Nord CE4 (Dark Chrome, 256 GB)","₹23,196",4.4,"22,977 Ratings & 1,301 Reviews"
271,"REDMI 13 5G (Black Diamond, 128 GB)","₹13,999",4.3,"9,382 Ratings & 554 Reviews"
272,"realme Narzo 80x 5G (Deep Ocean, 128 GB)","₹12,350",4.2,328 Ratings & 16 Reviews
273,"Motorola g45 5G (Viva Magenta, 128 GB)","₹10,999",4.3,"44,960 Ratings & 2,823 Reviews"
274,"REDMI 13 5G (Orchid Pink, 128 GB)","₹13,999",4.3,"9,382 Ratings & 554 Reviews"
275,"realme Narzo 80x 5G (Sunlit Gold, 128 GB)","₹12,429",4.2,328 Ratings & 16 Reviews
276,"realme Narzo 80x 5G (Sunlit Gold, 128 GB)","₹13,488",4.3,250 Ratings & 5 Reviews
277,"POCO M7 Pro 5G (Lavender Frost, 256 GB)","₹14,999",4.3,"5,901 Ratings & 626 Reviews"
278,"realme 14x 5G (Golden Glow, 128 GB)","₹15,999",4.4,"5,153 Ratings & 283 Reviews"
279,"realme 14x 5G (Jewel Red, 128 GB)","₹14,999",4.3,"9,114 Ratings & 470 Reviews"
280,"vivo T3 Ultra (Frost Green, 256 GB)","₹29,999",4.5,"20,542 Ratings & 1,721 Reviews"
281,"IQOO Z10 5G (Stellar Black / Black, 128 GB)","₹21,239",4.5,"1,106 Ratings & 76 Reviews"
282,"KARBONN K101i Dual SIM,Keypad Mobile,1.8''LCD,1000mAh Battery,TypeC USB,Memory Up to32GB",₹886,4,145 Ratings & 8 Reviews
283,"IQOO Z9s 5G (Onyx Green, 128 GB)","₹18,457",4.4,"7,190 Ratings & 466 Reviews"
284,"Samsung Galaxy F16 5G (Bling Black, 128 GB)","₹13,499",4.2,"1,275 Ratings & 107 Reviews"
285,"POCO C75 5G (Enchanted Green, 128 GB)","₹8,499",4.3,"68,883 Ratings & 3,593 Reviews"
286,Jio V4,₹849,3.8,714 Ratings & 47 Reviews
287,"Nothing Phone (3a) Pro (Black, 256 GB)","₹33,999",4.5,"2,131 Ratings & 173 Reviews"
288,"realme Narzo N61 (Marble Black, 64 GB)","₹7,327",4.3,"5,210 Ratings & 250 Reviews"
289,"POCO X7 5G (Glacier Green, 256 GB)","₹17,999",4.3,"9,020 Ratings & 888 Reviews"
290,"IQOO z9x (Storm Grey, 128 GB)","₹12,486",4.4,"9,489 Ratings & 485 Reviews"
291,"OnePlus Nord CE4 (Dark Chrome, 128 GB)","₹21,160",4.4,"22,977 Ratings & 1,301 Reviews"
292,"Samsung Galaxy F16 5G (Bling Black, 128 GB)","₹13,499",4.2,"1,275 Ratings & 107 Reviews"
293,Jio V4,₹849,3.8,714 Ratings & 47 Reviews
294,"POCO C75 5G (Enchanted Green, 128 GB)","₹8,499",4.3,"68,883 Ratings & 3,593 Reviews"
295,Kechaoda A26,₹892,4,"27,755 Ratings & 1,570 Reviews"
296,"OnePlus Nord CE4 (Celadon Marble, 256 GB)","₹23,447",4.4,"22,977 Ratings & 1,301 Reviews"
297,"CMF by Nothing Phone 1 (Black, 128 GB)","₹17,499",4.4,"26,107 Ratings & 1,732 Reviews"
298,"Infinix Note 50s 5G+ (Marine Drift, 128 GB)","₹14,999",4.3,45 Ratings & 3 Reviews
299,"REDMI 13 5G (Hawaiian Blue, 128 GB)","₹12,058",4.3,"38,710 Ratings & 2,029 Reviews"
300,"Samsung Galaxy S24 5G (Marble Gray, 128 GB)","₹49,999",4.6,"5,292 Ratings & 335 Reviews"
301,"Apple iPhone 16 Plus (White, 128 GB)","₹84,900",4.6,"2,700 Ratings & 161 Reviews"
302,"CMF by Nothing Phone 1 (Light Green, 128 GB)","₹15,499",4.4,"79,347 Ratings & 5,538 Reviews"
303,"realme 14 Pro 5G (Jaipur Pink, 128 GB)","₹24,999",4.4,"8,351 Ratings & 717 Reviews"
304,"realme 14 Pro 5G (Pearl White, 128 GB)","₹24,999",4.4,"8,351 Ratings & 717 Reviews"
305,"CMF by Nothing Phone 1 (Orange, 128 GB)","₹15,499",4.4,"79,347 Ratings & 5,538 Reviews"
306,"CMF by Nothing Phone 1 (Light Green, 128 GB)","₹17,499",4.4,"26,107 Ratings & 1,732 Reviews"
307,"realme 14 Pro 5G (Pearl White, 256 GB)","₹26,999",4.4,"8,351 Ratings & 717 Reviews"
308,"CMF by Nothing Phone 1 (Blue, 128 GB)","₹15,499",4.4,"79,347 Ratings & 5,538 Reviews"
309,"CMF by Nothing Phone 1 (Orange, 128 GB)","₹17,499",4.4,"26,107 Ratings & 1,732 Reviews"
310,"CMF by Nothing Phone 1 (Black, 128 GB)","₹15,499",4.4,"79,347 Ratings & 5,538 Reviews"
311,"POCO X7 5G (Glacier Green, 128 GB)","₹15,999",4.3,"9,020 Ratings & 888 Reviews"
312,"Samsung Galaxy A06 5G (Light Green, 64 GB)","₹9,167",4.2,307 Ratings & 45 Reviews
313,"Nokia 5310 DS Keypad Mobile, FM Radio,Camera with Flash (8 MB RAM)","₹2,199",3.9,"10,933 Ratings & 815 Reviews"
314,"OnePlus Nord 4 5G (Obsidian Midnight, 256 GB)","₹27,295",4.5,"3,130 Ratings & 200 Reviews"
315,"Samsung Galaxy F16 5G (Vibing Blue, 128 GB)","₹11,999",4.2,"1,875 Ratings & 127 Reviews"
316,"CMF by Nothing Phone 2 Pro (Black, 256 GB)","₹20,999",4.4,"10,226 Ratings & 965 Reviews"
317,"Samsung Galaxy S24 FE 5G (Blue, 128 GB)","₹39,999",4.5,"9,565 Ratings & 822 Reviews"
318,"IQOO Neo 10R 5G (MoonKnight Titanium, 256 GB)","₹27,929",4.5,491 Ratings & 42 Reviews
319,"CMF by Nothing Phone 2 Pro (White, 256 GB)","₹20,999",4.4,"10,226 Ratings & 965 Reviews"
320,"POCO X7 Pro 5G (Obsidian Black, 256 GB)","₹22,999",4.3,"7,072 Ratings & 1,059 Reviews"
321,"Nokia 105 Single SIM, Keypad Mobile Phone with Wireless FM Radio","₹1,199",3.9,"1,57,035 Ratings & 9,914 Reviews"
322,"realme 14T 5G (Surf Green, 128 GB)","₹17,999",4.3,560 Ratings & 70 Reviews
323,"realme P3 Pro 5G (Saturn Brown, 256 GB)","₹22,999",4.4,"1,152 Ratings & 110 Reviews"
324,"realme P3 Pro 5G (Galaxy Purple, 128 GB)","₹19,999",4.4,"4,765 Ratings & 453 Reviews"
325,Kechaoda K112,"₹1,625",4,"30,856 Ratings & 2,789 Reviews"
326,"realme P3 Pro 5G (Nebula Glow, 256 GB)","₹22,999",4.4,"1,152 Ratings & 110 Reviews"
327,"Samsung Galaxy A16 5G (Light Green, 128 GB)","₹15,983",4.2,"2,851 Ratings & 175 Reviews"
328,"Samsung Galaxy A35 5G (Awesome Lilac, 256 GB)","₹24,999",4.3,"16,130 Ratings & 1,157 Reviews"
329,"Samsung Galaxy F16 5G (Glam Green, 128 GB)","₹11,999",4.2,"1,875 Ratings & 127 Reviews"
330,Samsung SM-B310EZDDINS,₹977,3.2,"6,276 Ratings & 440 Reviews"
331,"Samsung Galaxy S24 FE 5G (Graphite, 256 GB)","₹45,999",4.5,"9,565 Ratings & 822 Reviews"
332,"Tecno Pova Curve 5G (Magic Silver, 128 GB)","₹15,999",4.4,428 Ratings & 79 Reviews
333,"Tecno Pova Curve 5G (Geek Black, 128 GB)","₹16,999",4.4,392 Ratings & 76 Reviews
334,"Tecno Pova Curve 5G (Magic Silver, 128 GB)","₹16,999",4.4,392 Ratings & 76 Reviews
335,"Motorola e13 (Aurora Green, 64 GB)","₹6,999",4.1,"1,07,321 Ratings & 7,796 Reviews"
336,"vivo T3 Ultra (Lunar Gray, 256 GB)","₹31,999",4.5,"9,127 Ratings & 713 Reviews"
337,"IQOO z9x (Tornado Green, 128 GB)","₹12,488",4.4,"9,489 Ratings & 485 Reviews"
338,"CMF by Nothing Phone 2 Pro (Light Green, 256 GB)","₹20,999",4.4,"10,226 Ratings & 965 Reviews"
339,"IQOO Neo 10R 5G (Raging Blue, 128 GB)","₹26,888",4.5,491 Ratings & 42 Reviews
340,"CMF by Nothing Phone 2 Pro (Orange, 128 GB)","₹18,999",4.4,"10,226 Ratings & 965 Reviews"
341,MOTOROLA A10V DS Keypad Phone with Voice Feature|800 mAh Battery|Wireless FM Recording,"₹1,540",4.1,"7,373 Ratings & 477 Reviews"
342,"POCO C71 (Power Black, 128 GB)","₹6,999",4.1,"4,873 Ratings & 296 Reviews"
343,"realme P3 Pro 5G (Saturn Brown, 256 GB)","₹20,999",4.4,"4,765 Ratings & 453 Reviews"
344,"realme 14x 5G (Crystal Black, 128 GB)","₹14,999",4.3,"9,114 Ratings & 470 Reviews"
345,"realme 14x 5G (Golden Glow, 128 GB)","₹14,999",4.3,"9,114 Ratings & 470 Reviews"
346,"realme P3 Ultra 5G (Orion Red, 256 GB)","₹26,999",4.5,"1,125 Ratings & 150 Reviews"
347,Jio JioBharat V4 JBV191M2,₹849,3.9,91 Ratings & 6 Reviews
348,"vivo T3 Ultra (Frost Green, 128 GB)","₹27,999",4.5,"20,542 Ratings & 1,721 Reviews"
349,"Nothing Phone (3a) Pro (Grey, 256 GB)","₹33,999",4.5,"2,131 Ratings & 173 Reviews"
350,"vivo T3 Pro 5G (Sandstone Orange, 256 GB)","₹24,999",4.5,"80,090 Ratings & 5,125 Reviews"
351,"Samsung Galaxy A55 5G (Awesome Navy, 128 GB)","₹26,690",4.4,"1,666 Ratings & 141 Reviews"
352,"Google Pixel 9A (Porcelain, 256 GB)","₹49,999",4.5,"1,240 Ratings & 143 Reviews"
353,"Apple iPhone 14 (Starlight, 128 GB)","₹54,999",4.6,"3,12,743 Ratings & 11,681 Reviews"
354,"REDMI A5 (Just Black, 64 GB)","₹6,499",4.2,"1,433 Ratings & 77 Reviews"
355,"POCO M7 Pro 5G (Lavender Frost, 128 GB)","₹12,999",4.3,"13,796 Ratings & 1,280 Reviews"
356,"Samsung Galaxy S24 FE 5G (Mint, 128 GB)","₹39,999",4.5,"9,565 Ratings & 822 Reviews"
357,"IQOO Z9x (Tornado Green, 128 GB)","₹11,866",4.2,"2,168 Ratings & 113 Reviews"
358,"Apple iPhone 15 (Black, 128 GB)","₹64,900",4.6,"2,60,015 Ratings & 9,350 Reviews"
359,"realme 14x 5G (Crystal Black, 128 GB)","₹15,999",4.4,"5,153 Ratings & 283 Reviews"
360,"POCO M7 Pro 5G (Lavender Frost, 128 GB)","₹12,999",4.3,"13,796 Ratings & 1,280 Reviews"
361,"Samsung Galaxy S24 FE 5G (Mint, 128 GB)","₹39,999",4.5,"9,565 Ratings & 822 Reviews"
362,hmd 105 Dual Sim,"₹1,144",4.1,"1,684 Ratings & 147 Reviews"
363,"IQOO Z9x (Tornado Green, 128 GB)","₹11,866",4.2,"2,168 Ratings & 113 Reviews"
364,"Apple iPhone 15 (Black, 128 GB)","₹64,900",4.6,"2,60,015 Ratings & 9,350 Reviews"
365,"realme 14x 5G (Jewel Red, 128 GB)","₹15,999",4.4,"5,153 Ratings & 283 Reviews"
366,"realme 14x 5G (Crystal Black, 128 GB)","₹15,999",4.4,"5,153 Ratings & 283 Reviews"
367,"MOTOROLA Edge 60 Pro (Pantone Dazzling Blue, 256 GB)","₹29,999",4.4,"7,710 Ratings & 794 Reviews"
368,"IQOO Neo 10R 5G (Raging Blue, 256 GB)","₹27,927",4.5,491 Ratings & 42 Reviews
369,"MOTOROLA Edge 50 (Peach Fuzz, 256 GB)","₹21,999",4.3,"36,339 Ratings & 2,744 Reviews"
370,itel it2175 Pro | 2 inch Big Display | 1200 mAh Battery | Kingvoice,₹909,4.1,"1,752 Ratings & 82 Reviews"
371,"Motorola Edge 50 Neo (PANTONE Poinciana, 256 GB)","₹19,999",4.4,"27,592 Ratings & 2,725 Reviews"
372,"Infinix Note 50s 5G+ (Burgundy Red, 128 GB)","₹14,999",4.3,45 Ratings & 3 Reviews
373,Jio JioBharat V4 JBV191M2,₹849,3.9,91 Ratings & 6 Reviews
374,"OnePlus Nord 4 5G (Mercurial Silver, 256 GB)","₹26,266",4.5,"3,130 Ratings & 200 Reviews"
375,"REDMI 14C 5G (Stardust Purple, 64 GB)","₹9,499",4.2,"3,321 Ratings & 205 Reviews"
376,KARBONN K9,"₹1,357",4,388 Ratings & 21 Reviews
377,"realme GT 6 (Razor Green, 256 GB)","₹28,999",4.5,"2,371 Ratings & 230 Reviews"
378,"realme GT 6 (Razor Green, 512 GB)","₹32,999",4.5,"5,119 Ratings & 581 Reviews"
379,"realme GT 6 (Razor Green, 256 GB)","₹27,999",4.5,"3,252 Ratings & 354 Reviews"
380,"realme GT 6 (Fluid Silver, 256 GB)","₹27,999",4.5,"2,371 Ratings & 230 Reviews"
381,"realme GT 6 (Fluid Silver, 256 GB)","₹27,999",4.5,"3,252 Ratings & 354 Reviews"
382,"realme P3 Ultra 5G (Neptune Blue, 128 GB)","₹23,999",4.4,"3,925 Ratings & 523 Reviews"
383,"realme P3 Ultra 5G (Orion Red, 256 GB)","₹24,999",4.4,"3,925 Ratings & 523 Reviews"
384,"realme GT 6 (Fluid Silver, 256 GB)","₹27,999",4.5,"2,371 Ratings & 230 Reviews"
385,"realme GT 6 (Razor Green, 256 GB)","₹27,999",4.5,"3,252 Ratings & 354 Reviews"
386,"Infinix SMART 9 HD (Metallic Black, 64 GB)","₹6,699",4.2,"2,661 Ratings & 195 Reviews"
387,"IQOO Neo 10R 5G (MoonKnight Titanium, 128 GB)","₹27,495",4.5,491 Ratings & 42 Reviews
388,"Google Pixel 9A (Iris, 256 GB)","₹49,999",4.5,"1,240 Ratings & 143 Reviews"
389,"Motorola g45 5G (Pink Lavender, 128 GB)","₹10,999",4.3,"44,960 Ratings & 2,823 Reviews"
390,"Apple iPhone 16 Plus (Pink, 128 GB)","₹84,900",4.6,"2,700 Ratings & 161 Reviews"
391,"realme 14 Pro 5G (Suede Grey, 256 GB)","₹26,999",4.4,"8,351 Ratings & 717 Reviews"
392,"realme 14 Pro 5G (Suede Grey, 128 GB)","₹24,999",4.4,"8,351 Ratings & 717 Reviews"
393,"Samsung Galaxy A16 5G (Light Green, 128 GB)","₹14,688",4.2,"2,045 Ratings & 103 Reviews"
394,"Samsung Galaxy A16 5G (Gold, 128 GB)","₹14,669",4.2,"2,045 Ratings & 103 Reviews"
395,"Samsung Galaxy A06 5G (Light Green, 64 GB)","₹9,167",4.2,307 Ratings & 45 Reviews
396,Nokia 220 DS 4G,"₹3,108",4,750 Ratings & 49 Reviews
397,"OnePlus Nord 4 5G (Obsidian Midnight, 256 GB)","₹27,295",4.5,"3,130 Ratings & 200 Reviews"
398,"Nokia 5310 DS Keypad Mobile, FM Radio,Camera with Flash (8 MB RAM)","₹2,199",3.9,"10,933 Ratings & 815 Reviews"
399,"Samsung Galaxy F16 5G (Vibing Blue, 128 GB)","₹11,999",4.2,"1,875 Ratings & 127 Reviews"
400,"Samsung Galaxy S24 FE 5G (Blue, 128 GB)","₹39,999",4.5,"9,565 Ratings & 822 Reviews"
401,"CMF by Nothing Phone 2 Pro (White, 256 GB)","₹20,999",4.4,"10,226 Ratings & 965 Reviews"
402,"REDMI 14C 5G (Stardust Purple, 128 GB)","₹11,499",4.2,"3,308 Ratings & 205 Reviews"
403,"IQOO Neo 10R 5G (MoonKnight Titanium, 256 GB)","₹27,929",4.5,491 Ratings & 42 Reviews
404,"IQOO Z9S 5G (Onyx Green, 256 GB)","₹20,544",4.4,"7,190 Ratings & 466 Reviews"
405,"Motorola Edge 50 Fusion (Forest Green, 256 GB)","₹20,999",4.4,"1,50,662 Ratings & 10,513 Reviews"
406,"POCO X7 Pro 5G (Obsidian Black, 256 GB)","₹22,999",4.3,"7,072 Ratings & 1,059 Reviews"
407,"Samsung Galaxy A16 5G (Light Green, 128 GB)","₹15,983",4.2,"2,851 Ratings & 175 Reviews"
408,"realme 14T 5G (Surf Green, 128 GB)","₹17,999",4.3,560 Ratings & 70 Reviews
409,Samsung SM-B310EZDDINS,₹977,3.2,"6,276 Ratings & 440 Reviews"
410,"Samsung Galaxy A16 5G (Blue Black, 128 GB)","₹14,498",4.2,"2,045 Ratings & 103 Reviews"
411,LAVA Hero Shakti Keypad Mobile|1.8 inch Big Display|Auto Call Recording|Wireless FM,₹990,4.1,"2,846 Ratings & 172 Reviews"
412,"IQOO Z9S 5G (Titanium Matte, 256 GB)","₹20,576",4.4,"7,190 Ratings & 466 Reviews"
413,"REDMI A5 (Pondicherry Blue, 64 GB)","₹6,499",4.2,"1,433 Ratings & 77 Reviews"
414,"realme P3 Pro 5G (Saturn Brown, 256 GB)","₹22,999",4.4,"1,152 Ratings & 110 Reviews"
415,"Tecno Pova Curve 5G (Magic Silver, 128 GB)","₹15,999",4.4,428 Ratings & 79 Reviews
416,"Tecno Pova Curve 5G (Magic Silver, 128 GB)","₹16,999",4.4,392 Ratings & 76 Reviews
417,"Tecno Pova Curve 5G (Geek Black, 128 GB)","₹16,999",4.4,392 Ratings & 76 Reviews
418,"Motorola e13 (Aurora Green, 64 GB)","₹6,999",4.1,"1,07,321 Ratings & 7,796 Reviews"
419,"Samsung Galaxy S24 FE 5G (Graphite, 256 GB)","₹45,999",4.5,"9,565 Ratings & 822 Reviews"
420,"CMF by Nothing Phone 2 Pro (Black, 256 GB)","₹20,999",4.4,"10,226 Ratings & 965 Reviews"
421,"realme C75 5G (Lily White, 128 GB)","₹13,999",4.3,433 Ratings & 22 Reviews
422,"Samsung Galaxy A15 5G (Blue Black, 128 GB)","₹14,990",4.3,"1,951 Ratings & 95 Reviews"
423,"IQOO Z9S 5G (Titanium Matte, 256 GB)","₹26,000",4.4,344 Ratings & 16 Reviews
424,"Apple iPhone 16 Plus (Black, 128 GB)","₹84,900",4.6,"2,700 Ratings & 161 Reviews"
425,"vivo Y19e (Majestic Green, 64 GB)","₹7,999",4.3,"1,061 Ratings & 40 Reviews"
426,Kechaoda K60,"₹1,770",4,"1,951 Ratings & 169 Reviews"
427,"Samsung Galaxy A16 5G (Gold, 128 GB)","₹16,380",4.2,"2,851 Ratings & 175 Reviews"
428,"realme P3 Ultra 5G (Neptune Blue, 256 GB)","₹24,999",4.4,"3,925 Ratings & 523 Reviews"
429,"realme C75 5G (Purple Blossom, 128 GB)","₹12,999",4.4,249 Ratings & 16 Reviews
430,"POCO F6 5G (Titanium, 256 GB)","₹23,999",4.3,"7,470 Ratings & 737 Reviews"
431,"realme C75 5G (Midnight Lily, 128 GB)","₹12,999",4.4,249 Ratings & 16 Reviews
432,"REDMI A5 (Pondicherry Blue, 128 GB)","₹7,499",4.2,"1,112 Ratings & 64 Reviews"
433,Jio Bharat V4,₹810,4.1,29 Ratings & 2 Reviews
434,"realme 14T 5G (Surf Green, 256 GB)","₹19,999",4.3,560 Ratings & 70 Reviews
435,"REDMI 14C 5G (Starlight Blue, 64 GB)","₹9,499",4.2,"3,321 Ratings & 205 Reviews"
436,"realme 14T 5G (Obsidian Black, 256 GB)","₹19,999",4.3,560 Ratings & 70 Reviews
437,"Infinix Hot 50 5G (Dreamy Purple, 128 GB)","₹9,499",4.3,"5,326 Ratings & 401 Reviews"
438,"Infinix Hot 50 5G (Sage Green, 128 GB)","₹9,499",4.3,"5,326 Ratings & 401 Reviews"
439,"REDMI 14C 5G (Stargaze Black, 64 GB)","₹9,499",4.2,"3,321 Ratings & 205 Reviews"
440,"REDMI 14C 5G (Stargaze Black, 128 GB)","₹11,499",4.2,"3,308 Ratings & 205 Reviews"
441,"realme 14 Pro+ 5G (Bikaner Purple, 256 GB)","₹31,999",4.4,"9,437 Ratings & 1,338 Reviews"
442,"OnePlus Nord CE4 (Celadon Marble, 128 GB)","₹21,437",4.4,"22,977 Ratings & 1,301 Reviews"
443,Kechaoda K33,"₹1,019",4,"10,775 Ratings & 620 Reviews"
444,"Tecno Pova Curve 5G (Neon Cyan, 128 GB)","₹16,999",4.4,392 Ratings & 76 Reviews
445,"Google Pixel 8a (Porcelain, 128 GB)","₹37,999",4.3,"6,314 Ratings & 540 Reviews"
446,Kechaoda A26_rose gold,₹949,3.9,463 Ratings & 14 Reviews
447,"Infinix Hot 50 5G (Sage Green, 128 GB)","₹10,499",4.4,"17,021 Ratings & 1,223 Reviews"
448,"Infinix Hot 50 5G (Vibrant Blue, 128 GB)","₹10,499",4.4,"17,021 Ratings & 1,223 Reviews"
449,"Infinix Hot 50 5G (Sleek Black, 128 GB)","₹10,499",4.4,"17,021 Ratings & 1,223 Reviews"
450,"IQOO Z9x (Tornado Green, 128 GB)","₹12,890",4.2,"2,168 Ratings & 113 Reviews"
451,"Apple iPhone 16 Pro (White Titanium, 128 GB)","₹1,12,900",4.7,"2,134 Ratings & 115 Reviews"
452,"Nokia 106 4G Keypad Mobile, Long-Lasting Battery, MicroSD Card Slot","₹2,199",4,"3,861 Ratings & 263 Reviews"
453,"Google Pixel 8a (Obsidian, 128 GB)","₹37,999",4.3,"6,314 Ratings & 540 Reviews"
454,"Apple iPhone 13 (Blue, 128 GB)","₹44,999",4.6,"2,92,049 Ratings & 13,948 Reviews"
455,"realme 14 Pro+ 5G (Suede Grey, 512 GB)","₹37,999",4.4,"5,472 Ratings & 681 Reviews"
456,"Nokia 106 4G Keypad Mobile, Long-Lasting Battery, MicroSD Card Slot","₹2,199",4,"3,861 Ratings & 263 Reviews"
457,"Tecno Pova Curve 5G (Neon Cyan, 128 GB)","₹16,999",4.4,392 Ratings & 76 Reviews
458,"Apple iPhone 16 Pro (White Titanium, 128 GB)","₹1,12,900",4.7,"2,134 Ratings & 115 Reviews"
459,"realme 14 Pro+ 5G (Suede Grey, 512 GB)","₹37,999",4.4,"5,472 Ratings & 681 Reviews"
460,"Apple iPhone 13 (Blue, 128 GB)","₹44,999",4.6,"2,92,049 Ratings & 13,948 Reviews"
461,"vivo V40e 5G (Royal Bronze, 256 GB)","₹26,999",4.4,"9,193 Ratings & 626 Reviews"
462,"Samsung Galaxy A16 5G (Blue Black, 128 GB)","₹15,884",4.2,"2,851 Ratings & 175 Reviews"
463,"REDMI A4 (Sparkle Purple, 128 GB)","₹9,497",4.3,"5,934 Ratings & 300 Reviews"
464,"realme C75 5G (Lily White, 128 GB)","₹12,999",4.4,249 Ratings & 16 Reviews
465,Kechaoda A 27,₹899,3.9,549 Ratings & 12 Reviews
466,"IQOO Neo 10R 5G (Raging Blue, 256 GB)","₹31,399",4.5,231 Ratings & 21 Reviews
467,"IQOO Z9S 5G (Onyx Green, 256 GB)","₹23,587",4.4,344 Ratings & 16 Reviews
468,"vivo V40e 5G (Mint Green, 128 GB)","₹23,999",4.4,"9,193 Ratings & 626 Reviews"
469,"Motorola Edge 50 Pro 5G with 125W Charger (Luxe Lavender, 256 GB)","₹29,999",4.4,"64,122 Ratings & 4,339 Reviews"
470,"Nokia 105 Single SIM, Keypad Mobile Phone with Wireless FM Radio","₹1,339",3.9,"1,57,035 Ratings & 9,914 Reviews"
471,"Apple iPhone 14 (Midnight, 128 GB)","₹54,999",4.6,"3,12,743 Ratings & 11,681 Reviews"
472,"POCO C75 5G (Aqua Bliss, 128 GB)","₹8,499",4.3,"68,883 Ratings & 3,593 Reviews"
473,"Infinix Hot 50 5G (Vibrant Blue, 128 GB)","₹9,499",4.3,"5,326 Ratings & 401 Reviews"
474,Nokia 110 4G,"₹2,319",4,"1,060 Ratings & 65 Reviews"
475,Kechaoda K33,"₹1,050",4,"10,775 Ratings & 620 Reviews"
476,"realme P3 Ultra 5G (Glowing Lunar White, 128 GB)","₹23,999",4.4,"3,925 Ratings & 523 Reviews"
477,"LAVA Yuva Star (GLOSSY LAVENDER, 64 GB)","₹6,297",4,816 Ratings & 51 Reviews
478,itel it2165s,"₹1,287",4.1,"2,243 Ratings & 114 Reviews"
479,"POCO X7 5G (Cosmic Silver, 128 GB)","₹15,999",4.3,"9,020 Ratings & 888 Reviews"
480,"LAVA Yuva Star (GLOSSY LAVENDER, 64 GB)","₹6,297",4,816 Ratings & 51 Reviews
481,itel it2165s,"₹1,287",4.1,"2,243 Ratings & 114 Reviews"
482,"POCO C71 (Desert Gold, 128 GB)","₹6,999",4.1,"4,873 Ratings & 296 Reviews"
483,HOTLINE ROYAL,₹499,3.6,645 Ratings & 31 Reviews
484,Kechaoda K112,"₹1,625",4,"30,856 Ratings & 2,789 Reviews"
485,"Google Pixel 9 Pro (Obsidian, 256 GB)","₹89,999",4.5,470 Ratings & 61 Reviews
486,"IQOO Z10 5G (Stellar Black / Black, 256 GB)","₹25,441",4.4,307 Ratings & 27 Reviews
487,"realme P3 Ultra 5G (Glowing Lunar White, 256 GB)","₹26,999",4.5,"1,125 Ratings & 150 Reviews"
488,"POCO X7 5G (Cosmic Silver, 256 GB)","₹17,999",4.3,"9,020 Ratings & 888 Reviews"
489,Nokia 110 4G,"₹2,319",4,"1,060 Ratings & 65 Reviews"
490,"REDMI Note 14 5G (Mystique White, 128 GB)","₹15,930",4.3,"1,643 Ratings & 88 Reviews"
491,FONEME FM2,₹492,3.4,784 Ratings & 51 Reviews
492,Nokia 3210 4G,"₹3,759",3.9,"1,134 Ratings & 103 Reviews"
493,Jio Bharat V2 -4g Phone,₹977,3.6,74 Ratings & 0 Reviews
494,"IQOO Z10 5G (Glacier Silver / Silver, 256 GB)","₹25,519",4.4,307 Ratings & 27 Reviews
495,"Tecno Pova Curve 5G (Geek Black, 128 GB)","₹15,999",4.4,428 Ratings & 79 Reviews
496,"realme P3 Pro 5G (Nebula Glow, 256 GB)","₹20,999",4.4,"4,765 Ratings & 453 Reviews"
497,"realme P3 Pro 5G (Galaxy Purple, 256 GB)","₹20,999",4.4,"4,765 Ratings & 453 Reviews"
498,"realme P3 Pro 5G (Nebula Glow, 128 GB)","₹19,999",4.4,"4,765 Ratings & 453 Reviews"
499,"LAVA Yuva Star (Glossy Black, 64 GB)","₹6,249",4,816 Ratings & 51 Reviews
500,"realme P1 Speed 5G (Textured Titanium, 128 GB)","₹14,444",4.3,"2,411 Ratings & 260 Reviews"
501,"realme P1 Speed 5G (Brushed Blue, 128 GB)","₹14,465",4.3,"2,411 Ratings & 260 Reviews"
502,HOTLINE Classic V66,₹549,3.6,930 Ratings & 60 Reviews
503,"Apple iPhone 15 (Blue, 256 GB)","₹74,900",4.6,"2,60,015 Ratings & 9,350 Reviews"
504,KARBONN K9 Yuva Keypad Mobile| 2500 mAh Battery|2MP Camera|Expandable Memory up to 32GB,"₹1,290",3.8,"1,834 Ratings & 117 Reviews"
505,"vivo T4 Ultra 5G (Meteor Grey, 256 GB)","₹37,999",4.5,656 Ratings & 87 Reviews
506,"Apple iPhone 16 Pro (Black Titanium, 256 GB)","₹1,22,900",4.7,"2,134 Ratings & 115 Reviews"
507,"Apple iPhone 16 Plus (Teal, 128 GB)","₹84,900",4.6,"2,700 Ratings & 161 Reviews"
508,KARBONN K9,"₹1,357",4,388 Ratings & 21 Reviews
509,Kechaoda A26_Grey,₹919,3.8,331 Ratings & 7 Reviews
510,"vivo T4 Ultra 5G (Phoenix Gold, 256 GB)","₹37,999",4.5,656 Ratings & 87 Reviews
511,"realme 14 Pro+ 5G (Suede Grey, 128 GB)","₹29,999",4.4,"9,437 Ratings & 1,338 Reviews"
512,"realme 14 Pro+ 5G (Suede Grey, 256 GB)","₹34,999",4.4,"5,472 Ratings & 681 Reviews"
513,"realme 14 Pro+ 5G (Pearl White, 256 GB)","₹34,999",4.4,"5,472 Ratings & 681 Reviews"
514,"realme 14 Pro+ 5G (Bikaner Purple, 128 GB)","₹29,999",4.4,"9,437 Ratings & 1,338 Reviews"
515,"Samsung Galaxy M16 5G (Blush Pink, 128 GB)","₹13,790",4.3,301 Ratings & 20 Reviews
516,"realme 14 Pro+ 5G (Pearl White, 256 GB)","₹31,999",4.4,"9,437 Ratings & 1,338 Reviews"
517,"vivo V40e 5G (Royal Bronze, 128 GB)","₹23,863",4.4,"9,193 Ratings & 626 Reviews"
518,Jio PRIMA2 4G,"₹3,349",3.9,"1,061 Ratings & 52 Reviews"
519,"realme P3 Ultra 5G (Glowing Lunar White, 256 GB)","₹24,999",4.4,"3,925 Ratings & 523 Reviews"
520,"realme P1 Speed 5G (Brushed Blue, 256 GB)","₹16,149",4.4,788 Ratings & 70 Reviews
521,"Apple iPhone 16 Pro (Natural Titanium, 256 GB)","₹1,22,900",4.7,"2,134 Ratings & 115 Reviews"
522,"Tecno Spark Go 1 (Magic Skin Green, 64 GB)","₹6,899",4.3,"1,201 Ratings & 64 Reviews"
523,"OnePlus Nord 4 5G (Oasis Green, 256 GB)","₹26,375",4.5,"3,130 Ratings & 200 Reviews"
524,"realme 14 Pro+ 5G (Suede Grey, 256 GB)","₹31,999",4.4,"9,437 Ratings & 1,338 Reviews"
525,"Samsung Galaxy M16 5G (Mint Green, 128 GB)","₹12,159",4.1,147 Ratings & 4 Reviews
526,"vivo Y18i (Gem Green, 64 GB)","₹7,499",4.2,"2,652 Ratings & 80 Reviews"
527,"Samsung Galaxy S24 5G (Marble Gray, 256 GB)","₹55,999",4.6,"5,292 Ratings & 335 Reviews"
528,"OPPO A3x (Nebula Red, 64 GB)","₹8,999",4.2,917 Ratings & 62 Reviews
529,"vivo V40e 5G (Mint Green, 128 GB)","₹23,999",4.4,"9,193 Ratings & 626 Reviews"
530,"OPPO A3x (Ocean Blue, 64 GB)","₹8,999",4.2,917 Ratings & 62 Reviews
531,KARBONN BHARAT K1 4G,₹829,3.7,"1,386 Ratings & 77 Reviews"
532,"vivo T4 Ultra 5G (Phoenix Gold, 512 GB)","₹41,999",4.6,339 Ratings & 47 Reviews
533,"vivo T4 Ultra 5G (Meteor Grey, 512 GB)","₹41,999",4.6,339 Ratings & 47 Reviews
534,"vivo T4 Ultra 5G (Meteor Grey, 256 GB)","₹39,999",4.6,339 Ratings & 47 Reviews
535,"vivo T4 Ultra 5G (Phoenix Gold, 256 GB)","₹39,999",4.6,339 Ratings & 47 Reviews
536,"Samsung Galaxy M16 5G (Mint Green, 128 GB)","₹13,618",4.3,102 Ratings & 4 Reviews
537,"vivo V40e 5G (Mint Green, 256 GB)","₹30,999",4.4,"9,193 Ratings & 626 Reviews"
538,Kechaoda K115,₹998,4.1,"40,503 Ratings & 2,623 Reviews"
539,"POCO M7 Pro 5G (Lunar Dust, 128 GB)","₹12,999",4.3,"13,796 Ratings & 1,280 Reviews"
540,"Samsung Galaxy M16 5G (Blush Pink, 128 GB)","₹14,585",4.3,102 Ratings & 4 Reviews
541,"realme 14 Pro+ 5G (Pearl White, 512 GB)","₹37,999",4.4,"5,472 Ratings & 681 Reviews"
542,SAREGAMA Carvaan Mobile M21 with 1500 pre-loaded songs,"₹1,499",3.9,437 Ratings & 44 Reviews
543,"realme P3 Pro 5G (Saturn Brown, 128 GB)","₹19,999",4.4,"4,765 Ratings & 453 Reviews"
544,"I Kall I6 Keypad Mobile Phone - 2500mAh Battery with 2.4"" Display, Type-C Charging",₹822,3.5,38 Ratings & 3 Reviews
545,"Apple iPhone 14 (Blue, 128 GB)","₹54,999",4.6,"3,12,743 Ratings & 11,681 Reviews"
546,"Tecno Spark Go 1 (Startrail Black, 64 GB)","₹6,899",4.3,"1,201 Ratings & 64 Reviews"
547,Kechaoda K115,₹990,4.1,"40,503 Ratings & 2,623 Reviews"
548,Samsung Guru 1200,₹985,3.2,"3,658 Ratings & 283 Reviews"
549,"Nokia 106 4G Keypad Mobile, Long-Lasting Battery, MicroSD Card Slot","₹1,999",4,"3,861 Ratings & 263 Reviews"
550,"Samsung Galaxy F06 5G (Lit Violet, 64 GB)","₹8,999",4.1,"13,426 Ratings & 989 Reviews"
551,"LAVA A3 Torch DS Keypad Phone|1750mAh Big Battery|1.8"" Large Display|Quad Strip Torch","₹1,329",4,162 Ratings & 17 Reviews
552,LAVA Hero Shakti Keypad Mobile|1.8 inch Big Display|Auto Call Recording|Wireless FM,₹995,4.1,"2,846 Ratings & 172 Reviews"
553,itel it5262,"₹1,359",4,"1,513 Ratings & 87 Reviews"
554,"realme 14T 5G (Obsidian Black, 128 GB)","₹17,999",4.3,560 Ratings & 70 Reviews
555,"Samsung Galaxy M16 5G (Mint Green, 128 GB)","₹13,489",4.3,301 Ratings & 20 Reviews
556,"vivo Y28e 5G Charger in the Box (Breeze Green, 128 GB)","₹11,499",4.2,"1,198 Ratings & 38 Reviews"
557,"Apple iPhone 16 Pro Max (Black Titanium, 256 GB)","₹1,35,900",4.7,"1,011 Ratings & 77 Reviews"
558,"Infinix Note 40X 5G (Lime Green, 256 GB)","₹13,999",4.3,"32,205 Ratings & 2,213 Reviews"
559,"realme P1 Speed 5G (Textured Titanium, 256 GB)","₹17,999",4.3,"2,411 Ratings & 260 Reviews"
560,"Motorola Edge 50 Neo (PANTONE Nautical Blue, 256 GB)","₹19,999",4.4,"27,592 Ratings & 2,725 Reviews"
561,"POCO M7 Pro 5G (Olive Twilight, 256 GB)","₹14,999",4.3,"5,901 Ratings & 626 Reviews"
562,"Nokia 130 Music Dual Sim, Music Player, Wireless FM Radio and Dedicated Music Buttons","₹1,589",3.9,"8,112 Ratings & 494 Reviews"
563,itel Ace 3 Shine,₹839,4,"1,016 Ratings & 45 Reviews"
564,"POCO X7 Pro 5G (Yellow, 256 GB)","₹22,999",4.3,"7,072 Ratings & 1,059 Reviews"
565,UiSmart Ui-06,"₹1,650",4,"3,501 Ratings & 309 Reviews"
566,"realme 13 Pro+ 5G (Monet Purple, 256 GB)","₹25,999",4.4,"14,207 Ratings & 1,451 Reviews"
567,"realme C75 5G (Midnight Lily, 128 GB)","₹13,999",4.3,433 Ratings & 22 Reviews
568,"Apple iPhone 16 Pro Max (Natural Titanium, 256 GB)","₹1,35,900",4.7,"1,011 Ratings & 77 Reviews"
569,"Samsung Galaxy F06 5G (Lit Violet, 128 GB)","₹9,799",4.1,"5,919 Ratings & 458 Reviews"
570,Jmax Super 1,₹599,3.8,"2,093 Ratings & 152 Reviews"
571,MOTOROLA A200,"₹1,389",3.5,66 Ratings & 10 Reviews
572,Kechaoda K33,"₹1,020",4,"10,775 Ratings & 620 Reviews"
573,"POCO X7 Pro 5G (Obsidian Black, 256 GB)","₹24,999",4.4,"4,052 Ratings & 533 Reviews"
574,"Google Pixel 8 Pro (Obsidian, 256 GB)","₹64,999",4.4,"1,116 Ratings & 125 Reviews"
575,"Google Pixel 8 Pro (Obsidian, 128 GB)","₹59,999",4.4,"1,116 Ratings & 125 Reviews"
576,MOTOROLA A10V DS Keypad Phone with Voice Feature|800 mAh Battery|Wireless FM Recording,"₹1,445",4.1,"7,373 Ratings & 477 Reviews"
577,"Google Pixel 8 Pro (Obsidian, 256 GB)","₹64,999",4.4,"1,116 Ratings & 125 Reviews"
578,Kechaoda K33,"₹1,020",4,"10,775 Ratings & 620 Reviews"
579,itel it5262,"₹1,359",4,"1,513 Ratings & 87 Reviews"
580,"realme 70 TURBO 5G (Yellow, 128 GB)","₹14,945",4.4,"3,579 Ratings & 274 Reviews"
581,"realme 70 TURBO 5G (Turbo Green, 128 GB)","₹14,448",4.4,"3,579 Ratings & 274 Reviews"
582,FONEME Mini 10,₹790,3.8,10 Ratings & 5 Reviews
583,"itel A80 (Sandstone Black, 128 GB)","₹6,990",4.2,284 Ratings & 15 Reviews
584,"Apple iPhone 16 Pro (Desert Titanium, 256 GB)","₹1,22,900",4.7,"2,134 Ratings & 115 Reviews"
585,Micromax X778,"₹1,409",3.8,"4,184 Ratings & 343 Reviews"
586,"MOTOROLA Razr 60 (PANTONE Lightest Sky, 256 GB)","₹49,999",4.6,183 Ratings & 32 Reviews
587,"vivo V50 5G (Titanium Grey, 128 GB)","₹34,999",4.5,"5,393 Ratings & 491 Reviews"
588,"Motorola g64 5G (Mint Green, 128 GB)","₹13,999",4.3,"58,296 Ratings & 3,673 Reviews"
589,"Google Pixel 8a (Aloe, 128 GB)","₹37,999",4.3,"6,314 Ratings & 540 Reviews"
590,Nokia 105 Classic without Charger,₹999,3.9,"4,076 Ratings & 182 Reviews"
591,"IQOO Z9x (Storm Grey, 128 GB)","₹13,453",4.2,"2,168 Ratings & 113 Reviews"
592,"Google Pixel 8 Pro (Bay, 128 GB)","₹59,999",4.4,"1,116 Ratings & 125 Reviews"
593,Kechaoda K28 PRO,"₹1,199",3.9,138 Ratings & 9 Reviews
594,"Tecno POP 9 4G (Magic Skin Green, 64 GB)","₹6,750",4.4,13 Ratings & 0 Reviews
595,"Samsung Galaxy A06 (Black, 64 GB)","₹7,698",4.2,97 Ratings & 8 Reviews
596,FONEME Mini 10,₹790,3.8,10 Ratings & 5 Reviews
597,Kechaoda K28 PRO,"₹1,199",3.9,138 Ratings & 9 Reviews
598,"Motorola G85 5G (Viva Magenta, 256 GB)","₹18,999",4.4,"76,501 Ratings & 4,322 Reviews"
599,KARBONN K9,"₹1,247",4,"9,335 Ratings & 730 Reviews"
600,KARBONN K9,"₹1,247",4,"9,335 Ratings & 730 Reviews"
601,"Samsung Galaxy A06 (Black, 64 GB)","₹7,698",4.2,97 Ratings & 8 Reviews
602,FONEME Mini 10,₹790,3.8,10 Ratings & 5 Reviews
603,Kechaoda A26_black,₹939,4,"2,614 Ratings & 80 Reviews"
604,"REDMI Note 13 Pro+ 5G (Fusion Black, 256 GB)","₹26,008",4.2,"11,363 Ratings & 1,006 Reviews"
605,LAVA A7 Torch,"₹1,610",4.2,"3,109 Ratings & 349 Reviews"
606,"Tecno Pova Curve 5G (Neon Cyan, 128 GB)","₹15,999",4.4,428 Ratings & 79 Reviews
607,"realme 70 TURBO 5G (Turbo Yellow, 128 GB)","₹14,621",4.3,"5,107 Ratings & 406 Reviews"
608,"POCO X7 Pro 5G (Yellow, 256 GB)","₹24,999",4.4,"4,052 Ratings & 533 Reviews"
609,"Samsung Galaxy M16 5G (Thunder Black, 128 GB)","₹14,595",4.3,102 Ratings & 4 Reviews
610,"vivo V50 5G (Starry Night, 256 GB)","₹36,999",4.5,"5,393 Ratings & 491 Reviews"
611,"realme 13 Pro+ 5G (Monet Gold, 256 GB)","₹26,999",4.4,"9,234 Ratings & 900 Reviews"
612,"realme 13 Pro+ 5G (Monet Gold, 512 GB)","₹28,999",4.4,"9,234 Ratings & 900 Reviews"
613,"vivo V50 5G (Rose Red, 256 GB)","₹36,999",4.5,"5,393 Ratings & 491 Reviews"
614,"realme P1 Speed 5G (Textured Titanium, 256 GB)","₹16,927",4.4,788 Ratings & 70 Reviews
615,"vivo V50 5G (Rose Red, 128 GB)","₹34,999",4.5,"5,393 Ratings & 491 Reviews"
616,"Google Pixel 9 Pro (Hazel, 256 GB)","₹89,999",4.5,470 Ratings & 61 Reviews
617,"POCO M7 5G (Ocean Blue, 128 GB)","₹10,499",4.2,"3,801 Ratings & 243 Reviews"
618,"realme P1 Speed 5G (Brushed Blue, 256 GB)","₹18,000",4.3,"2,411 Ratings & 260 Reviews"
619,"realme 70 TURBO 5G (Turbo Green, 256 GB)","₹18,617",4.4,437 Ratings & 22 Reviews
620,"REDMI Note 14 5G (Phantom Purple, 128 GB)","₹15,842",4.3,"1,643 Ratings & 88 Reviews"
621,I Kall K41-New with four sim support,"₹1,838",4,695 Ratings & 32 Reviews
622,"Samsung Galaxy A06 5G (Black, 128 GB)","₹10,164",4.2,307 Ratings & 45 Reviews
623,"OPPO A5x 5G (Midnight Blue, 128 GB)","₹12,999",4.5,23 Ratings & 0 Reviews
624,"Infinix Note 40 5G (Racing Grey, 256 GB)","₹15,999",4.2,"11,747 Ratings & 1,129 Reviews"
625,"Infinix Note 40 5G (Obsidian Black, 256 GB)","₹15,999",4.2,"11,747 Ratings & 1,129 Reviews"
626,hmd 105 4G Dual Sim,"₹2,195",3.7,69 Ratings & 7 Reviews
627,"LAVA Yuva Star (Glossy White, 64 GB)","₹6,670",4,816 Ratings & 51 Reviews
628,"vivo V50 5G (Starry Night, 512 GB)","₹40,999",4.5,"1,524 Ratings & 147 Reviews"
629,"REDMI 14C 5G (Stardust Purple, 128 GB)","₹11,209",4.2,"3,308 Ratings & 205 Reviews"
630,Kechaoda 888_black,"₹1,690",4.2,218 Ratings & 11 Reviews
631,"Samsung Galaxy S24 Ultra 5G (Titanium Violet, 256 GB)","₹84,857",4.6,"3,121 Ratings & 312 Reviews"
632,"Samsung M06 5G (Sage Green, 128 GB)","₹9,490",3.9,181 Ratings & 24 Reviews
633,"OPPO A5 Pro 5G (Feather Blue, 128 GB)","₹17,999",4.3,141 Ratings & 5 Reviews
634,"vivo V50 5G (Titanium Grey, 256 GB)","₹36,999",4.5,"5,393 Ratings & 491 Reviews"
635,KARBONN Jumbo K9,"₹1,347",4,"16,067 Ratings & 1,478 Reviews"
636,itel Ace 3 Shine,₹938,4,"1,016 Ratings & 45 Reviews"
637,"itel A50 (Misty Black, 64 GB)","₹6,586",4.2,445 Ratings & 23 Reviews
638,"Samsung Galaxy S22 Plus 5G (Phantom White, 128 GB)","₹40,950",4.4,"5,152 Ratings & 541 Reviews"
639,"Samsung Galaxy A15 5G (Blue Black, 128 GB)","₹16,999",4.3,"3,970 Ratings & 237 Reviews"
640,"Samsung M06 5G (Sage Green, 128 GB)","₹10,880",4,130 Ratings & 14 Reviews
641,"REDMI A3X (Ocean Green, 128 GB)","₹6,999",4.1,"4,917 Ratings & 227 Reviews"
642,"REDMI A3X (Olive Green, 128 GB)","₹6,999",4.1,"4,917 Ratings & 227 Reviews"
643,"REDMI A3X (Midnight Black, 128 GB)","₹6,999",4.1,"4,917 Ratings & 227 Reviews"
644,"REDMI A3X (Olive Green, 64 GB)","₹6,499",4.1,"4,917 Ratings & 227 Reviews"
645,Kechaoda K113,"₹1,299",4,574 Ratings & 41 Reviews
646,itel Ace 3 Shine,₹999,4,"1,016 Ratings & 45 Reviews"
647,"OPPO F29 5G (Glacier Blue, 128 GB)","₹23,999",4.3,"1,379 Ratings & 94 Reviews"
648,"REDMI A3X (Ocean Green, 128 GB)","₹6,999",4.1,"4,917 Ratings & 227 Reviews"
649,"REDMI A3X (Olive Green, 128 GB)","₹6,999",4.1,"4,917 Ratings & 227 Reviews"
650,"REDMI A3X (Midnight Black, 128 GB)","₹6,999",4.1,"4,917 Ratings & 227 Reviews"
651,"REDMI A3X (Olive Green, 64 GB)","₹6,499",4.1,"4,917 Ratings & 227 Reviews"
652,Kechaoda K113,"₹1,299",4,574 Ratings & 41 Reviews
653,itel it2175 Pro | 2 inch Big Display | 1200 mAh Battery | Kingvoice,"₹1,249",4.1,"1,752 Ratings & 82 Reviews"
654,itel Ace 3 Shine,₹999,4,"1,016 Ratings & 45 Reviews"
655,"OPPO F29 5G (Glacier Blue, 128 GB)","₹23,999",4.3,"1,379 Ratings & 94 Reviews"
656,Kechaoda K28,"₹1,144",4,"4,732 Ratings & 355 Reviews"
657,"Nokia 2660 Flip 4G Volte Red keypad Mobile with Dual Sim & Screen, MP3 Player","₹5,499",4,783 Ratings & 37 Reviews
658,"Apple iPhone 16 Pro Max (White Titanium, 256 GB)","₹1,35,900",4.7,"1,011 Ratings & 77 Reviews"
659,"OPPO A5 Pro 5G (Mocha Brown, 256 GB)","₹19,999",4.3,141 Ratings & 5 Reviews
660,"vivo Y19 5G (Titanium Silver, 128 GB)","₹12,999",4.5,27 Ratings & 0 Reviews
661,"vivo Y19 5G (Majestic Green, 128 GB)","₹11,499",4.3,682 Ratings & 31 Reviews
662,"itel A50C (Black, 32 GB)","₹6,098",4.1,308 Ratings & 13 Reviews
663,"REDMI 14C 5G (Stargaze Black, 128 GB)","₹11,287",4.2,"3,308 Ratings & 205 Reviews"
664,"OnePlus 12 (Glacial White, 256 GB)","₹52,148",4.6,"1,346 Ratings & 107 Reviews"
665,"Apple iPhone 16e (Black, 128 GB)","₹54,900",4.6,"1,154 Ratings & 69 Reviews"
666,"Nokia 110 Dual Sim, Keypad Mobile with Wireless FM Radio, Bluetooth and Rear Camera","₹1,074",3.6,"2,811 Ratings & 178 Reviews"
667,"realme C75 5G (Purple Blossom, 128 GB)","₹13,999",4.3,433 Ratings & 22 Reviews
668,"Nokia 110 4G Dual Sim, Keypad Mobile, Wireless FM Radio and Rear Camera","₹2,299",4,"1,472 Ratings & 65 Reviews"
669,"Samsung M06 5G (Blazing Black, 128 GB)","₹10,918",4,130 Ratings & 14 Reviews
670,Jmax Ultra,₹699,4,217 Ratings & 28 Reviews
671,"REDMI 13c 5G (Startrail Silver, 128 GB)","₹10,660",4.3,"45,100 Ratings & 1,823 Reviews"
672,Kechaoda A8,"₹1,360",3.8,780 Ratings & 75 Reviews
673,"Motorola Edge 50 Pro 5G with 125W Charger (Caneel Bay, 256 GB)","₹29,999",4.4,"64,122 Ratings & 4,339 Reviews"
674,Jio Bharat V3 -4g Phone,₹830,3.8,70 Ratings & 5 Reviews
675,"realme 13 Pro+ 5G (Emerald Green, 256 GB)","₹25,999",4.4,"14,207 Ratings & 1,451 Reviews"
676,"realme 13 Pro+ 5G (Monet Gold, 256 GB)","₹25,999",4.4,"14,207 Ratings & 1,451 Reviews"
677,"Samsung Galaxy A55 5G (Awesome Iceblue, 256 GB)","₹32,985",4.4,"1,666 Ratings & 141 Reviews"
678,Jio Bharat B2,"₹1,589",3.7,"2,758 Ratings & 130 Reviews"
679,Jio JioBharat V4 Keypad Phone,₹809,3.6,"2,811 Ratings & 178 Reviews"
680,"Nokia 110 Dual Sim, Keypad Mobile with Wireless FM Radio, Bluetooth and Rear Camera","₹1,074",3.8,255 Ratings & 20 Reviews
681,HOTLINE V63,₹499,4.6,"2,959 Ratings & 298 Reviews"
682,"Google Pixel 9 (Obsidian, 256 GB)","₹74,999",3.8,9 Ratings & 0 Reviews
683,GFive K-115 C,₹765,4.3,682 Ratings & 31 Reviews
684,"vivo Y19 5G (Majestic Green, 64 GB)","₹10,499",4.1,308 Ratings & 13 Reviews
685,"itel A50C (Misty Aqua, 32 GB)","₹6,098",4.6,"2,959 Ratings & 298 Reviews"
686,"Google Pixel 9 (Porcelain, 256 GB)","₹74,999",4.3,682 Ratings & 31 Reviews
687,"vivo Y19 5G (Titanium Silver, 128 GB)","₹11,499",4.3,682 Ratings & 31 Reviews
688,"vivo Y19 5G (Titanium Silver, 64 GB)","₹10,499",4,"29,842 Ratings & 2,261 Reviews"
689,"Nokia 150 Dual Sim Keypad Mobile, Wireless FM radio, Bluetooth, MP3 player","₹2,490",4.2,"82,879 Ratings & 5,344 Reviews"
690,"Motorola g64 5G (Ice Lilac, 256 GB)","₹15,999",4.3,"1,643 Ratings & 88 Reviews"
691,"REDMI Note 14 5G (Ivy Green, 128 GB)","₹16,147",4,"4,732 Ratings & 355 Reviews"
692,Kechaoda K28,"₹1,199",4.2,"3,321 Ratings & 205 Reviews"
693,"REDMI 14C 5G (Stardust Purple, 64 GB)","₹9,463",3.6,"2,811 Ratings & 178 Reviews"
694,"Nokia 110 Dual Sim, Keypad Mobile with Wireless FM Radio, Bluetooth and Rear Camera","₹1,175",4.7,165 Ratings & 13 Reviews
695,"Samsung S25 Ultra 5G (Titanium Gray, 256 GB)","₹1,29,999",4.7,165 Ratings & 13 Reviews
696,"Samsung S25 Ultra 5G (Titanium Gray, 256 GB)","₹1,29,999",4.4,"3,680 Ratings & 410 Reviews"
697,"MOTOROLA Edge 60 Pro (Pantone Dazzling Blue, 256 GB)","₹33,999",5,18 Ratings & 1 Reviews
698,"vivo Y400 Pro 5G (Freestyle White, 256 GB)","₹26,999",4.4,"1,046 Ratings & 73 Reviews"
699,"vivo V50e 5G (Sapphire Blue, 256 GB)","₹30,999",4.4,"1,046 Ratings & 73 Reviews"
700,"vivo V50e 5G (Pearl White, 256 GB)","₹30,999",4.5,27 Ratings & 0 Reviews
701,"vivo Y19 5G (Majestic Green, 128 GB)","₹12,999",4.6,"1,154 Ratings & 69 Reviews"
702,"Apple iPhone 16e (White, 256 GB)","₹64,900",4.1,"3,545 Ratings & 294 Reviews"
703,Kechaoda K9,"₹1,124",4.3,16 Ratings & 1 Reviews
704,"OnePlus 13s 5G (Green Silk, 256 GB)","₹53,288",4.3,"6,314 Ratings & 540 Reviews"
705,"Google Pixel 8a (Bay, 128 GB)","₹37,999",4,"27,755 Ratings & 1,570 Reviews"
706,Kechaoda A26,₹929,4.1,"1,07,631 Ratings & 4,600 Reviews"
707,"POCO C61 (Mystical Green, 64 GB)","₹7,000",4.2,"39,734 Ratings & 2,624 Reviews"
708,"Infinix Note 40 Pro 5G (Racing Grey, 256 GB)","₹18,999",4.4,"3,579 Ratings & 274 Reviews"
709,"realme 70 TURBO 5G (Turbo Purple, 128 GB)","₹15,495",4.7,33 Ratings & 6 Reviews
710,"IQOO Neo 10 (Titanium Chrome, 128 GB)","₹35,289",3.9,"13,786 Ratings & 773 Reviews"
711,"POCO C71  - Locked with Airtel Prepaid (Desert Gold, 64 GB)","₹5,899",4.2,"51,965 Ratings & 3,198 Reviews"
712,"POCO M6 Plus 5G (Misty Lavender, 128 GB)","₹9,999",4,"14,202 Ratings & 816 Reviews"
713,Kechaoda A27,₹998,4,"14,202 Ratings & 816 Reviews"
714,Kechaoda A27,₹998,4.8,13 Ratings & 1 Reviews
715,"IQOO Neo 10 (Inferno Red, 256 GB)","₹36,850",4.3,"38,710 Ratings & 2,029 Reviews"
716,"REDMI 13 5G (Black Diamond, 128 GB)","₹13,990",4.4,"72,283 Ratings & 4,406 Reviews"
717,"Samsung Galaxy S23 FE (Graphite, 128 GB)","₹34,999",4.3,"40,455 Ratings & 1,735 Reviews"
718,"REDMI 13c 5G (Startrail Green, 128 GB)","₹11,970",4.1,"24,319 Ratings & 1,835 Reviews"
719,Kechaoda K66 Plus,"₹1,120",4.3,"38,710 Ratings & 2,029 Reviews"
720,"REDMI 13 5G (Black Diamond, 128 GB)","₹13,990",5,18 Ratings & 1 Reviews
721,"vivo Y400 Pro 5G (Freestyle White, 256 GB)","₹26,999",4.4,"72,283 Ratings & 4,406 Reviews"
722,"Samsung Galaxy S23 FE (Graphite, 128 GB)","₹34,999",4.4,84 Ratings & 4 Reviews
723,"Samsung Galaxy F56 5G (Violet, 256 GB)","₹29,799",3.6,"67,874 Ratings & 7,545 Reviews"
724,I Kall K3310,₹701,4.3,"40,455 Ratings & 1,735 Reviews"
725,"REDMI 13c 5G (Startrail Green, 128 GB)","₹11,970",4.1,"24,319 Ratings & 1,835 Reviews"
726,Kechaoda K66 Plus,"₹1,120",4.2,250 Ratings & 11 Reviews
727,Snexian Bold V1,"₹2,298",4.4,"1,046 Ratings & 73 Reviews"
728,"vivo V50e 5G (Sapphire Blue, 128 GB)","₹28,999",4.4,"1,046 Ratings & 73 Reviews"
729,"vivo V50e 5G (Pearl White, 128 GB)","₹28,999",4.6,"78,323 Ratings & 5,381 Reviews"
730,"Samsung Galaxy S23 5G (Green, 128 GB)","₹44,999",4.5,470 Ratings & 61 Reviews
731,"Google Pixel 9 Pro (Porcelain, 256 GB)","₹89,999",4.2,250 Ratings & 11 Reviews
732,Snexian Bold V1,"₹2,280",4.2,"51,965 Ratings & 3,198 Reviews"
733,"POCO M6 Plus 5G (Misty Lavender, 128 GB)","₹9,999",4.2,917 Ratings & 62 Reviews
734,"OPPO A3x (Ocean Blue, 128 GB)","₹9,999",4.5,"1,52,640 Ratings & 5,851 Reviews"
735,"vivo T3x 5G (Crimson Bliss, 128 GB)","₹13,999",4,"14,202 Ratings & 816 Reviews"
736,Kechaoda A27,₹898,4.3,"32,205 Ratings & 2,213 Reviews"
737,"Infinix Note 40X 5G (Starlit Black, 256 GB)","₹13,999",4.4,"1,666 Ratings & 141 Reviews"
738,"Samsung Galaxy A55 5G (Awesome Navy, 256 GB)","₹31,957",3.9,756 Ratings & 54 Reviews
739,itel Flip 1 Keypad Mobile with Type C Charging| Leather Back | 1200 mAh Battery,"₹2,099",5,18 Ratings & 1 Reviews
740,"vivo Y400 Pro 5G (Fest Gold, 128 GB)","₹24,999",5,18 Ratings & 1 Reviews
741,"vivo Y400 Pro 5G (Freestyle White, 128 GB)","₹24,999",5,18 Ratings & 1 Reviews
742,"vivo Y400 Pro 5G (Nebula Purple, 128 GB)","₹24,999",3.5,38 Ratings & 3 Reviews
743,"I Kall I6 Keypad Mobile Phone - 2500mAh Battery with 2.4"" Display, Type-C Charging",₹890,3.6,99 Ratings & 5 Reviews
744,Jio Bharat V2 -4g Phone,₹930,4.6,"1,346 Ratings & 107 Reviews"
745,"OnePlus 12 (Glacial White, 256 GB)","₹52,145",3.6,"67,874 Ratings & 7,545 Reviews"
746,I Kall K3310,₹695,4.4,"56,917 Ratings & 2,289 Reviews"
747,"vivo T3x 5G (Celestial Green, 128 GB)","₹12,499",4.4,"56,917 Ratings & 2,289 Reviews"
748,"vivo T3x 5G (Crimson Blss, 128 GB)","₹12,499",4.6,183 Ratings & 32 Reviews
749,"MOTOROLA Razr 60 (PANTONE Gibraltar Sea, 256 GB)","₹49,999",4.7,33 Ratings & 6 Reviews
750,"IQOO Neo 10 (Inferno Red, 128 GB)","₹34,088",3.8,147 Ratings & 3 Reviews
751,KARBONN Jio Bharat K1 Black Red 4g,₹899,4.3,"9,097 Ratings & 493 Reviews"
752,"IQOO Z6 Lite 5G (With Charger) (Mystic Night, 128 GB)","₹12,370",4.3,"38,710 Ratings & 2,029 Reviews"
753,"REDMI 13 5G (Black Diamond, 128 GB)","₹12,499",4,"29,842 Ratings & 2,261 Reviews"
754,"Nokia 150 Dual Sim Keypad Mobile, Wireless FM radio, Bluetooth, MP3 player","₹1,699",4.2,"3,308 Ratings & 205 Reviews"
755,"REDMI 14C 5G (Starlight Blue, 128 GB)","₹11,364",4.5,"1,52,640 Ratings & 5,851 Reviews"
756,"vivo T3x 5G (Celestial Green, 128 GB)","₹13,999",3.6,"67,874 Ratings & 7,545 Reviews"
757,I Kall K3310,₹701,4.3,708 Ratings & 59 Reviews
758,"Samsung Galaxy A36 5G (Awesome Lavender, 256 GB)","₹31,649",4.3,"1,379 Ratings & 94 Reviews"
759,"OPPO F29 5G (Solid Purple, 128 GB)","₹23,999",3.9,281 Ratings & 7 Reviews
760,FONEME FM2 MINI 20,₹830,4,750 Ratings & 49 Reviews
761,Nokia 220 DS 4G,"₹3,499",3.6,22 Ratings & 0 Reviews
762,Jio Jiobharat V3 Blue JBV191M1 4G PHONE,₹825,4.2,"1,093 Ratings & 73 Reviews"
763,"REDMI Note 14 5G (Ivy Green, 128 GB)","₹17,440",4.2,179 Ratings & 8 Reviews
764,"realme C73 5G (Onyx Black, 128 GB)","₹11,499",4.2,179 Ratings & 8 Reviews
765,"realme C73 5G (Jade Green, 128 GB)","₹11,499",4,9 Ratings & 0 Reviews
766,JioFi 4G101,"₹2,574",4.6,"3,12,743 Ratings & 11,681 Reviews"
767,"Apple iPhone 14 (Blue, 256 GB)","₹64,999",4.1,37 Ratings & 6 Reviews
768,SAREGAMA Carvaan Mobile M11(CM181) with 1500 pre-loaded songs,₹949,4.4,863 Ratings & 71 Reviews
769,"OPPO F29 Pro 5G (Marble White, 256 GB)","₹29,999",4.4,168 Ratings & 7 Reviews
770,"realme Narzo 80 Pro 5G (Speed Silver, 256 GB)","₹20,302",4.2,"82,879 Ratings & 5,344 Reviews"
771,"Motorola g64 5G (Pearl Blue, 256 GB)","₹15,999",3.2,"8,313 Ratings & 652 Reviews"
772,Samsung Metro 313,"₹1,150",4.7,195 Ratings & 27 Reviews
773,"vivo X200 5G (Natural Green, 512 GB)","₹71,999",4.2,16 Ratings & 0 Reviews
774,LAVA Hero Shakti 2025,₹920,4.7,195 Ratings & 27 Reviews
775,"vivo X200 5G (Cosmos Black, 512 GB)","₹71,999",4.3,549 Ratings & 40 Reviews
776,Kechaoda 888,"₹1,699",4.4,863 Ratings & 71 Reviews
777,"OPPO F29 Pro 5G (Granite Black, 256 GB)","₹29,999",4.4,87 Ratings & 4 Reviews
778,"Samsung Galaxy F56 5G (Green, 256 GB)","₹29,799",4,423 Ratings & 22 Reviews
779,"LAVA Yuva 3 with Dual Sim|5000 mAh Battery|13MP Rear Camera |Expandable Upto 512 GB (Eclipse Black, 64...","₹7,290",4.2,250 Ratings & 11 Reviews
780,Snexian Bold V1,"₹2,297",3.7,347 Ratings & 17 Reviews
781,I Kall K999-New,"₹1,859",4.4,333 Ratings & 23 Reviews
782,"OPPO F29 Pro 5G (Granite Black, 256 GB)","₹31,999",4.6,"45,284 Ratings & 2,559 Reviews"
783,"Apple iPhone 15 Plus (Black, 128 GB)","₹74,900",4.4,333 Ratings & 23 Reviews
784,"OPPO F29 Pro 5G (Marble White, 256 GB)","₹31,999",4.4,168 Ratings & 7 Reviews
785,"realme NARZO 80 Pro 5G (Speed Silver, 128 GB)","₹18,760",4.6,"1,923 Ratings & 255 Reviews"
786,"Samsung Galaxy S25 5G (Silver Shadow, 256 GB)","₹80,999",4.2,"1,198 Ratings & 38 Reviews"
787,"vivo Y28e 5G Charger in the Box (Breeze Green, 64 GB)","₹11,499",4.2,"2,668 Ratings & 136 Reviews"
788,"IQOO Z9 Lite 5G (?Aqua Flow, 128 GB)","₹11,490",4,"10,775 Ratings & 620 Reviews"
789,Kechaoda K33,₹999,4,"10,775 Ratings & 620 Reviews"
790,Kechaoda K33,₹998,4.2,88 Ratings & 9 Reviews
791,"Samsung Galaxy A36 5G (Awesome Lavender, 256 GB)","₹34,649",4.1,"1,465 Ratings & 146 Reviews"
792,Easyfone Royale,"₹3,999",4.4,"1,07,064 Ratings & 4,978 Reviews"
793,"realme 12x 5G (Woodland Green, 128 GB)","₹12,499",4.4,"53,781 Ratings & 1,989 Reviews"
794,"realme 12x 5G (Twilight Purple, 128 GB)","₹13,499",3.8,142 Ratings & 8 Reviews
795,"Snectian Rock Z Flip Dual Sim |Keypad Mobile| with 2.4"" Display Call & SMS Indicator","₹2,136",3.9,181 Ratings & 24 Reviews
796,"Samsung M06 5G (Blazing Black, 128 GB)","₹9,583",4.2,"1,275 Ratings & 107 Reviews"
797,"Samsung Galaxy F16 5G (Glam Green, 128 GB)","₹13,499",4.2,307 Ratings & 45 Reviews
798,"Samsung Galaxy A06 5G (Black, 64 GB)","₹9,117",3.8,10 Ratings & 5 Reviews
799,FONEME Mini 10,₹849,4,7 Ratings & 1 Reviews
800,GFive LAMBORGINI,₹770,4,"14,202 Ratings & 816 Reviews"
801,Kechaoda A27,₹915,4.6,"3,12,743 Ratings & 11,681 Reviews"
802,"Apple iPhone 14 (Starlight, 256 GB)","₹64,999",4,162 Ratings & 17 Reviews
803,"LAVA A3 Torch DS Keypad Phone|1750mAh Big Battery|1.8"" Large Display|Quad Strip Torch","₹1,498",4.2,"34,528 Ratings & 2,621 Reviews"
804,"Samsung Galaxy F15 5G (Groovy Violet, 128 GB)","₹13,499",4,"4,732 Ratings & 355 Reviews"
805,Kechaoda K28,"₹1,330",3.9,"4,076 Ratings & 182 Reviews"
806,Nokia 105 Classic without Charger,₹995,4.1,"9,220 Ratings & 579 Reviews"
807,"Nokia 105 PSS, Keypad Mobile Phone with FM Radio, Memory Card Slot","₹1,699",4.6,"1,923 Ratings & 255 Reviews"
808,"Samsung Galaxy S25 5G (Navy, 256 GB)","₹80,999",4.2,"90,707 Ratings & 7,778 Reviews"
809,"Motorola e40 (Carbon Gray, 64 GB)","₹5,999",4.2,307 Ratings & 45 Reviews
810,"Samsung Galaxy A06 5G (Light Gray, 128 GB)","₹10,174",3.9,"13,786 Ratings & 773 Reviews"
811,"POCO C71 (Cool Blue, 64 GB)","₹6,399",4.1,"1,714 Ratings & 88 Reviews"
812,"REDMI 13C (Starshine Green, 256 GB)","₹14,999",4,217 Ratings & 28 Reviews
813,Jmax ULTRA,₹699,4.6,"45,284 Ratings & 2,559 Reviews"
814,"Apple iPhone 15 Plus (Pink, 128 GB)","₹74,900",4.1,"14,681 Ratings & 931 Reviews"
815,"realme 12x 5G (Green, 128 GB)","₹11,999",4.2,"2,851 Ratings & 175 Reviews"
816,"Samsung Galaxy A16 5G (Gold, 256 GB)","₹20,499",4.1,"14,681 Ratings & 931 Reviews"
817,"realme 12x 5G (Green, 128 GB)","₹11,999",4.6,"45,284 Ratings & 2,559 Reviews"
818,"Apple iPhone 15 Plus (Pink, 128 GB)","₹74,900",4.3,"30,254 Ratings & 1,451 Reviews"
819,"POCO C65 (Pastel Blue, 128 GB)","₹9,499",4.2,269 Ratings & 16 Reviews
820,"Samsung M15 (Blue Topaz, 128 GB)","₹11,898",4.3,141 Ratings & 5 Reviews
821,"OPPO A5 Pro 5G (Mocha Brown, 128 GB)","₹17,999",4.2,"2,964 Ratings & 137 Reviews"
822,"OPPO A3x 5G (Sparkle Black, 64 GB)","₹11,499",4.4,"53,781 Ratings & 1,989 Reviews"
823,"realme 12x 5G (Woodland Green, 128 GB)","₹13,499",4.1,156 Ratings & 16 Reviews
824,ringme R1+ JUMBO,"₹1,445",4.1,75 Ratings & 3 Reviews
825,KARBONN K-Phone 1 DS Feature Phone|1400 mAh Battery|1.3MP Camera|Expandable Upto 32 GB,"₹1,449",4.5,470 Ratings & 61 Reviews
826,"Google Pixel 9 Pro (Hazel, 256 GB)","₹89,999",4.3,"19,375 Ratings & 1,691 Reviews"
827,"REDMI Note 13 Pro+ 5G (Fusion Purple, 256 GB)","₹26,640",4.1,"3,545 Ratings & 294 Reviews"
828,Kechaoda K9,"₹1,299",4.6,"78,323 Ratings & 5,381 Reviews"
829,"Samsung Galaxy S23 5G (Cream, 128 GB)","₹44,999",4.3,"6,314 Ratings & 540 Reviews"
830,"Google Pixel 8a (Obsidian, 256 GB)","₹44,999",4.2,"1,093 Ratings & 73 Reviews"
831,"REDMI Note 14 5G (Mystique White, 128 GB)","₹17,620",4.4,"53,781 Ratings & 1,989 Reviews"
832,"realme 12x 5G (Coral Red, 128 GB)","₹13,499",4.6,"2,959 Ratings & 298 Reviews"
833,"Google Pixel 9 (Wintergreen, 256 GB)","₹74,999",4.2,"2,851 Ratings & 175 Reviews"
834,"Samsung Galaxy A16 5G (Blue Black, 128 GB)","₹17,499",3.3,"5,453 Ratings & 385 Reviews"
835,Nokia 105,"₹1,299",4.2,705 Ratings & 35 Reviews
836,"Tecno Spark 30C 5G (Azure Sky, 64 GB)","₹9,999",4.2,"1,275 Ratings & 107 Reviews"
837,"Samsung Galaxy F16 5G (Vibing Blue, 128 GB)","₹13,499",4.7,113 Ratings & 12 Reviews
838,"OnePlus 13 (Arctic Dawn, 512 GB)","₹72,485",4.7,113 Ratings & 12 Reviews
839,"OnePlus 13 (Midnight Ocean, 512 GB)","₹72,980",4.2,"2,045 Ratings & 103 Reviews"
840,"Samsung Galaxy A16 5G (Light Green, 128 GB)","₹15,499",4,"8,875 Ratings & 540 Reviews"
841,BlackZone ECO X,"₹1,565",4,"8,875 Ratings & 540 Reviews"
842,BlackZone ECO X,"₹1,565",4.6,"1,154 Ratings & 69 Reviews"
843,"Apple iPhone 16e (Black, 256 GB)","₹64,900",4.2,"11,363 Ratings & 1,006 Reviews"
844,"REDMI Note 13 Pro+ 5G (Fusion White, 256 GB)","₹25,973",4.4,"3,654 Ratings & 452 Reviews"
845,"OPPO Reno13 5G (Luminous Blue, 256 GB)","₹37,999",4.5,166 Ratings & 19 Reviews
846,"Samsung Galaxy A56 5G (Awesome Graphite, 256 GB)","₹42,099",4,"27,755 Ratings & 1,570 Reviews"
847,Kechaoda A26,"₹1,099",4.3,14 Ratings & 0 Reviews
848,"realme Gt 7T (Icesense Blue, 256 GB)","₹31,999",3.2,"12,274 Ratings & 971 Reviews"
849,Samsung Guru Music 2 B310ED,₹980,3.2,"12,274 Ratings & 971 Reviews"
850,Samsung Guru Music 2 B310ED,"₹1,150",3.6,93 Ratings & 8 Reviews
851,Jmax iverve,"₹1,099",4.4,"5,909 Ratings & 380 Reviews"
852,"realme Narzo 70 Pro 5G (Green, Glass Green, 128 GB)","₹19,490",4,"8,875 Ratings & 540 Reviews"
853,BlackZone ECO X,"₹1,565",4.3,269 Ratings & 25 Reviews
854,"Samsung Galaxy A56 5G (Awesome Light Gray, 256 GB)","₹39,099",4.3,"2,36,039 Ratings & 13,992 Reviews"
855,"POCO C31 (Shadow Gray, 64 GB)","₹3,000",4.4,"7,279 Ratings & 516 Reviews"
856,"realme 13 Pro 5G (Emerald Green, 256 GB)","₹23,999",4.3,"3,075 Ratings & 204 Reviews"
857,"vivo Y100 5G (Twilight Gold, 128 GB)","₹17,286",4.6,"1,923 Ratings & 255 Reviews"
858,"Samsung Galaxy S25 5G (Mint, 256 GB)","₹80,999",4,7 Ratings & 1 Reviews
859,GFive LAMBORGINI,₹770,4.1,"1,025 Ratings & 71 Reviews"
860,itel Power 450 | 2.4 inch Big Display | 2500 mAh Battery | Type C Charging,"₹1,799",4.3,21 Ratings & 0 Reviews
861,"realme Gt 7T (Icesense Black, 256 GB)","₹34,999",3.5,31 Ratings & 3 Reviews
862,"Tecno Phantom V Flip 5G (Iconic Black, 256 GB)","₹26,999",4.4,696 Ratings & 65 Reviews
863,"Xiaomi 14 CIVI (Cruise Blue, 512 GB)","₹38,999",4.3,61 Ratings & 7 Reviews
864,"Tecno Spark 30C 5G (Midnight Shadow, 128 GB)","₹12,999",4.3,"1,379 Ratings & 94 Reviews"
865,"OPPO F29 5G (Glacier Blue, 256 GB)","₹25,999",4.3,"5,222 Ratings & 270 Reviews"
866,"Tecno Spark Go 1 (Glittery White, 64 GB)","₹7,299",4.1,156 Ratings & 16 Reviews
867,ringme R1+ JUMBO,"₹1,449",4.3,"5,901 Ratings & 626 Reviews"
868,"POCO M7 Pro 5G (Lunar Dust, 256 GB)","₹14,999",4.4,863 Ratings & 71 Reviews
869,"OPPO F29 Pro 5G (Granite Black, 128 GB)","₹27,999",4.4,863 Ratings & 71 Reviews
870,"OPPO F29 Pro 5G (Marble White, 128 GB)","₹27,999",4.2,705 Ratings & 35 Reviews
871,"Tecno Spark 30C 5G (Aurora Cloud, 64 GB)","₹9,999",3.8,170 Ratings & 12 Reviews
872,LAVA A5_23 Keypad Mobile| 1000 mAh Battery|0.3MP Rear Camera|Expandable Upto 32 GB,"₹1,599",4.3,"5,222 Ratings & 270 Reviews"
873,"Tecno Spark Go 1 (Startrail Black, 64 GB)","₹7,299",4.1,"1,07,321 Ratings & 7,796 Reviews"
874,"Motorola e13 (Cosmic Black, 64 GB)","₹6,999",4,862 Ratings & 60 Reviews
875,"itel Vision 3 (Multi Green, 64 GB)","₹6,490",4.2,"1,198 Ratings & 38 Reviews"
876,"vivo Y28e 5G Charger in the Box (Breeze Green, 64 GB)","₹12,754",4.2,"1,49,648 Ratings & 7,430 Reviews"
877,"POCO M6 5G - Locked with Airtel Prepaid (Orion Blue, 128 GB)","₹10,499",4.4,"72,283 Ratings & 4,406 Reviews"
878,"Samsung Galaxy S23 FE (Mint, 128 GB)","₹34,999",4.2,"3,321 Ratings & 205 Reviews"
879,"REDMI 14C 5G (Stardust Purple, 128 GB)","₹10,360",4.2,705 Ratings & 35 Reviews
880,"Tecno Spark 30C 5G (Midnight Shadow, 128 GB)","₹10,499",4.3,"1,579 Ratings & 86 Reviews"
881,"realme Narzo N65 5G (Deep Green, 128 GB)","₹10,499",4.1,"32,159 Ratings & 2,758 Reviews"
882,Nokia 105,"₹1,332",4.2,"1,093 Ratings & 73 Reviews"
883,"REDMI Note 14 5G (Phantom Purple, 128 GB)","₹17,778",4,862 Ratings & 60 Reviews
884,"itel Vision 3 (Deep Ocean Black, 64 GB)","₹6,490",4.7,69 Ratings & 6 Reviews
885,"IQOO 13 5G (Legend, 256 GB)","₹56,989",4.2,"3,321 Ratings & 205 Reviews"
886,"REDMI 14C 5G (Starlight Blue, 64 GB)","₹10,297",4.2,"3,321 Ratings & 205 Reviews"
887,"REDMI 14C 5G (Stargaze Black, 128 GB)","₹10,830",4.2,447 Ratings & 16 Reviews
888,"vivo Y28s 5G (Twinkling Purple, 128 GB)","₹12,999",3.9,253 Ratings & 29 Reviews
889,SAREGAMA Carvaan Mobile M21(CM281) with 1500 pre-loaded songs,"₹1,600",4.2,447 Ratings & 16 Reviews
890,"vivo Y28s 5G (Vintage Red, 128 GB)","₹12,999",4.4,"20,506 Ratings & 1,748 Reviews"
891,"vivo V29e 5G (Artistic Blue, 256 GB)","₹27,999",4,120 Ratings & 12 Reviews
892,"Tecno Camon 30 5G (Uyuni Salt White, 512 GB)","₹23,999",3.5,31 Ratings & 3 Reviews
893,"Tecno Phantom V Flip 5G (Mystic Dawn, 256 GB)","₹26,999",4,"10,775 Ratings & 620 Reviews"
894,Kechaoda K33,₹978,4.4,"22,440 Ratings & 1,102 Reviews"
895,"OnePlus Nord CE4 lite 5G (ULTRA ORANGE, 256 GB)","₹22,990",4.4,"1,027 Ratings & 49 Reviews"
896,"vivo Y28s 5G (Vintage Red, 128 GB)","₹14,790",4.2,16 Ratings & 0 Reviews
897,LAVA Hero Shakti 2025,₹920,2.9,11 Ratings & 0 Reviews
898,Jio JioBharat K1 Karbonn 4G Keypad Mobile,₹999,3.6,163 Ratings & 26 Reviews
899,Jmax Legend 4,₹699,3.9,"1,57,035 Ratings & 9,914 Reviews"
900,"Nokia 105 Single SIM, Keypad Mobile Phone with Wireless FM Radio","₹1,149",4.3,"5,222 Ratings & 270 Reviews"
901,"Tecno Spark Go 1 (Magic Skin Green, 64 GB)","₹7,299",3.3,509 Ratings & 23 Reviews
902,GFive SHARK 1,₹499,4.2,59 Ratings & 2 Reviews
903,"LAVA Yuva 4 (Glossy Black, 64 GB)","₹7,199",4.3,"19,022 Ratings & 2,100 Reviews"
904,"Google Pixel 7 (Snow, 128 GB)","₹30,999",4.1,"13,173 Ratings & 633 Reviews"
905,"POCO C51 (Power Black, 128 GB)","₹8,999",3.5,603 Ratings & 17 Reviews
906,ringme R1 PRO 2,"₹1,389",4.2,284 Ratings & 15 Reviews
907,"itel A80 (Wave Blue, 128 GB)","₹6,990",4.3,"58,296 Ratings & 3,673 Reviews"
908,"Motorola g64 5G (Ice Lilac, 128 GB)","₹13,999",4.2,"7,111 Ratings & 451 Reviews"
909,"REDMI Note 13 5G (Prism Gold, 256 GB)","₹19,999",4.4,"13,455 Ratings & 966 Reviews"
910,"Nothing Phone (2a) Plus (Black, 256 GB)","₹27,999",3.6,52 Ratings & 5 Reviews
911,UiSmart M2,"₹1,984",4.1,"4,201 Ratings & 311 Reviews"
912,GFive L228 NEW,₹840,4.2,16 Ratings & 0 Reviews
913,"Samsung Galaxy A14 5G (Light Green, 128 GB)","₹17,999",4.2,"3,321 Ratings & 205 Reviews"
914,LAVA Hero Shakti 2025,₹920,3.2,"12,274 Ratings & 971 Reviews"
915,"REDMI 14C 5G (Starlight Blue, 128 GB)","₹9,999",3.9,"13,786 Ratings & 773 Reviews"
916,Samsung Guru Music 2 B310ED,"₹5,899",3.1,80 Ratings & 8 Reviews
917,"POCO C71  - Locked with Airtel Prepaid (Power Black, 64 GB)",₹499,4.4,49 Ratings & 12 Reviews
918,GFive A1-C,"₹17,999",4.4,"2,535 Ratings & 166 Reviews"
919,"Alcatel V3 Pro 5G (Matcha Green, 256 GB)","₹22,999",4.4,"3,512 Ratings & 277 Reviews"
920,"vivo Y300 5G (Phantom Purple, 256 GB)","₹23,999",4.4,"3,512 Ratings & 277 Reviews"
921,"REDMI Note 14 Pro 5G (Ivy Green, 128 GB)","₹23,999",4.4,"3,512 Ratings & 277 Reviews"
922,"REDMI Note 14 Pro 5G (Phantom Purple, 128 GB)","₹25,999",4.6,"1,023 Ratings & 182 Reviews"
923,"REDMI Note 14 Pro 5G (Ivy Green, 256 GB)","₹65,999",4.4,"50,793 Ratings & 2,813 Reviews"
924,"vivo X200 5G (Natural Green, 256 GB)","₹14,999",4.2,"1,433 Ratings & 77 Reviews"
925,"realme P1 5G (Phoenix Red, 128 GB)","₹6,499",4.4,"1,05,576 Ratings & 6,189 Reviews"
926,"REDMI A5 (Jaisalmer Gold, 64 GB)","₹13,999",4.1,197 Ratings & 13 Reviews
927,"realme P1 5G (Peacock Green, 128 GB)","₹15,249",4.2,"1,198 Ratings & 38 Reviews"
928,"LAVA Blaze X 5G (Starlight Purple, 128 GB)","₹13,941",4.2,59 Ratings & 2 Reviews
929,"vivo Y28e 5G Charger in the Box (Vintage Red, 128 GB)","₹7,199",4.2,"8,351 Ratings & 413 Reviews"
930,"LAVA Yuva 4 (Glossy Purple, 64 GB)","₹14,998",4.3,"37,899 Ratings & 2,976 Reviews"
931,"REDMI 13c 5G (Starlight Black, 256 GB)","₹21,999",4,"27,755 Ratings & 1,570 Reviews"
932,"REDMI Note 13 Pro 5G (Coral Purple, 256 GB)",₹939,4.6,"2,12,218 Ratings & 13,928 Reviews"
933,Kechaoda A26,"₹49,900",4.6,"45,284 Ratings & 2,559 Reviews"
934,"Apple iPhone 12 (Blue, 128 GB)","₹74,900",4.2,59 Ratings & 2 Reviews
935,"Apple iPhone 15 Plus (Green, 128 GB)","₹7,199",4.2,"8,351 Ratings & 413 Reviews"
936,"LAVA Yuva 4 (Glossy Purple, 64 GB)","₹14,998",4.3,"37,899 Ratings & 2,976 Reviews"
937,"REDMI 13c 5G (Starlight Black, 256 GB)","₹21,999",4.6,"45,284 Ratings & 2,559 Reviews"
938,"REDMI Note 13 Pro 5G (Coral Purple, 256 GB)","₹74,900",4.6,"2,12,218 Ratings & 13,928 Reviews"
939,"Apple iPhone 15 Plus (Green, 128 GB)","₹49,900",4.5,"16,289 Ratings & 386 Reviews"
940,"Apple iPhone 12 (Blue, 128 GB)","₹7,999",4.3,21 Ratings & 0 Reviews
941,"OPPO A17k (Navy Blue, 64 GB)","₹38,999",4.6,"5,292 Ratings & 335 Reviews"
942,"realme Gt 7T (Icesense Black, 512 GB)","₹49,999",4.4,"7,279 Ratings & 516 Reviews"
943,"Samsung Galaxy S24 5G (Cobalt Violet, 128 GB)","₹21,999",4.8,33 Ratings & 4 Reviews
944,"realme 13 Pro 5G (Monet Gold, 128 GB)","₹21,975",4.2,45 Ratings & 1 Reviews
945,"realme Narzo 80 Pro 5G (Speed Silver, 256 GB)","₹8,999",4.2,"3,801 Ratings & 243 Reviews"
946,"OPPO A3x 4G (Ocean Blue, 64 GB)","₹10,499",3.9,"13,786 Ratings & 773 Reviews"
947,"POCO M7 5G (Satin Black, 128 GB)","₹6,399",4.2,"1,854 Ratings & 78 Reviews"
948,"POCO C71 (Desert Gold, 64 GB)","₹7,799",3.7,"4,753 Ratings & 401 Reviews"
949,"REDMI A3 (Olive Green, 128 GB)","₹2,599",4.4,119 Ratings & 11 Reviews
950,"Nokia 6310 Dual SIM Feature Mobile, Wireless FM Radio and Rear Camera","₹23,999",4.6,722 Ratings & 61 Reviews
951,"Honor 200 5G (Black, 256 GB)","₹1,04,999",3.8,255 Ratings & 20 Reviews
952,"Google Pixel 9 Pro XL (Hazel, 256 GB)",₹499,4.7,113 Ratings & 12 Reviews
953,HOTLINE V63,"₹72,780",4,234 Ratings & 26 Reviews
954,"OnePlus 13 (Black Eclipse, 512 GB)","₹10,498",4.2,"4,915 Ratings & 377 Reviews"
955,"LAVA Blaze 3 5G (Glass Gold, 128 GB)","₹10,499",4.2,"3,321 Ratings & 205 Reviews"
956,"Samsung Galaxy A12 (Blue, 64 GB)","₹10,499",4.2,"3,321 Ratings & 205 Reviews"
957,"REDMI 14C 5G (Stargaze Black, 128 GB)","₹10,499",4.2,"3,308 Ratings & 205 Reviews"
958,"REDMI 14C 5G (Starlight Blue, 128 GB)","₹11,499",4.2,"4,915 Ratings & 377 Reviews"
959,"REDMI 14C 5G (Starlight Blue, 128 GB)","₹10,499",4.2,"1,112 Ratings & 64 Reviews"
960,"Samsung Galaxy A12 (Blue, 64 GB)","₹7,499",4.2,"1,112 Ratings & 64 Reviews"
961,"REDMI A5 (Just Black, 128 GB)","₹7,499",4.2,"1,854 Ratings & 78 Reviews"
962,"REDMI A5 (Jaisalmer Gold, 128 GB)","₹7,999",4.2,88 Ratings & 9 Reviews
963,"REDMI A3 (Olive Green, 128 GB)","₹34,649",4.4,863 Ratings & 71 Reviews
964,"Samsung Galaxy A36 5G (Awesome Lavender, 256 GB)","₹29,999",4.3,477 Ratings & 38 Reviews
965,"OPPO F29 Pro 5G (Marble White, 256 GB)","₹35,970",4.1,37 Ratings & 6 Reviews
966,"Samsung Galaxy A55 5G (Awesome Navy, 256 GB)",₹949,4.2,"82,879 Ratings & 5,344 Reviews"
967,SAREGAMA Carvaan Mobile M11(CM181) with 1500 pre-loaded songs,"₹15,999",4.4,"1,05,576 Ratings & 6,189 Reviews"
968,"Motorola g64 5G (Pearl Blue, 256 GB)","₹13,999",4.4,"1,05,576 Ratings & 6,189 Reviews"
969,"realme P1 5G (Phoenix Red, 128 GB)","₹13,999",4.4,115 Ratings & 13 Reviews
970,"realme P1 5G (Feather Blue, 128 GB)","₹41,999",4.4,87 Ratings & 4 Reviews
971,"vivo V50 5G Elite Edition (Rose Red, 512 GB)","₹29,799",4.4,863 Ratings & 71 Reviews
972,"Samsung Galaxy F56 5G (Green, 256 GB)","₹29,999",3.2,"8,313 Ratings & 652 Reviews"
973,"OPPO F29 Pro 5G (Granite Black, 256 GB)","₹1,150",4.3,549 Ratings & 40 Reviews
974,Samsung Metro 313,"₹1,699",4.7,195 Ratings & 27 Reviews
975,Kechaoda 888,"₹71,999",4.7,195 Ratings & 27 Reviews
976,"vivo X200 5G (Natural Green, 512 GB)","₹71,999",4.2,16 Ratings & 0 Reviews
977,"vivo X200 5G (Cosmos Black, 512 GB)",₹920,4,423 Ratings & 22 Reviews
978,LAVA Hero Shakti 2025,"₹7,290",4.3,"23,890 Ratings & 2,515 Reviews"
979,"LAVA Yuva 3 with Dual Sim|5000 mAh Battery|13MP Rear Camera |Expandable Upto 512 GB (Eclipse Black, 64...","₹19,799",4.6,"78,323 Ratings & 5,381 Reviews"
980,"POCO X6 Pro 5G (Yellow, 256 GB)","₹44,999",4.2,"1,093 Ratings & 73 Reviews"
981,"Samsung Galaxy S23 5G (Phantom Black, 128 GB)","₹20,133",4.6,"45,284 Ratings & 2,559 Reviews"
982,"REDMI Note 14 5G (Ivy Green, 256 GB)","₹74,900",,
983,"Apple iPhone 15 Plus (Black, 128 GB)",,,
